center,left,right,steering,,,
IMG/center_2017_02_04_02_57_46_512.jpg, IMG/left_2017_02_04_02_57_46_512.jpg, IMG/right_2017_02_04_02_57_46_512.jpg,0,0,0,7.72E-05
IMG/center_2017_02_04_02_57_46_617.jpg, IMG/left_2017_02_04_02_57_46_617.jpg, IMG/right_2017_02_04_02_57_46_617.jpg,0,0,0,7.71E-05
IMG/center_2017_02_04_02_57_46_729.jpg, IMG/left_2017_02_04_02_57_46_729.jpg, IMG/right_2017_02_04_02_57_46_729.jpg,0,0,0,7.69E-05
IMG/center_2017_02_04_02_57_46_840.jpg, IMG/left_2017_02_04_02_57_46_840.jpg, IMG/right_2017_02_04_02_57_46_840.jpg,0,0.01234567,0,0.01216905
IMG/center_2017_02_04_02_57_46_946.jpg, IMG/left_2017_02_04_02_57_46_946.jpg, IMG/right_2017_02_04_02_57_46_946.jpg,0,0.01234567,0,0.04033684
IMG/center_2017_02_04_02_57_47_049.jpg, IMG/left_2017_02_04_02_57_47_049.jpg, IMG/right_2017_02_04_02_57_47_049.jpg,0,0.2447349,0,0.2393952
IMG/center_2017_02_04_02_57_47_161.jpg, IMG/left_2017_02_04_02_57_47_161.jpg, IMG/right_2017_02_04_02_57_47_161.jpg,0,0.3996611,0,0.7495295
IMG/center_2017_02_04_02_57_47_266.jpg, IMG/left_2017_02_04_02_57_47_266.jpg, IMG/right_2017_02_04_02_57_47_266.jpg,0,0.4383927,0,1.196254
IMG/center_2017_02_04_02_57_47_372.jpg, IMG/left_2017_02_04_02_57_47_372.jpg, IMG/right_2017_02_04_02_57_47_372.jpg,0,0.4287098,0,1.758222
IMG/center_2017_02_04_02_57_47_479.jpg, IMG/left_2017_02_04_02_57_47_479.jpg, IMG/right_2017_02_04_02_57_47_479.jpg,0,0.4383927,0,2.276615
IMG/center_2017_02_04_02_57_47_589.jpg, IMG/left_2017_02_04_02_57_47_589.jpg, IMG/right_2017_02_04_02_57_47_589.jpg,0,0.4383927,0,2.805774
IMG/center_2017_02_04_02_57_47_691.jpg, IMG/left_2017_02_04_02_57_47_691.jpg, IMG/right_2017_02_04_02_57_47_691.jpg,0,0.4287098,0,3.311265
IMG/center_2017_02_04_02_57_47_797.jpg, IMG/left_2017_02_04_02_57_47_797.jpg, IMG/right_2017_02_04_02_57_47_797.jpg,0,0.4287098,0,3.886713
IMG/center_2017_02_04_02_57_47_911.jpg, IMG/left_2017_02_04_02_57_47_911.jpg, IMG/right_2017_02_04_02_57_47_911.jpg,0,0.4383927,0,4.369243
IMG/center_2017_02_04_02_57_48_016.jpg, IMG/left_2017_02_04_02_57_48_016.jpg, IMG/right_2017_02_04_02_57_48_016.jpg,-0.002662782,0.4287098,0,4.939033
IMG/center_2017_02_04_02_57_48_120.jpg, IMG/left_2017_02_04_02_57_48_120.jpg, IMG/right_2017_02_04_02_57_48_120.jpg,-0.002662782,0.4287098,0,5.408652
IMG/center_2017_02_04_02_57_48_226.jpg, IMG/left_2017_02_04_02_57_48_226.jpg, IMG/right_2017_02_04_02_57_48_226.jpg,-0.002662782,0.4287098,0,5.873756
IMG/center_2017_02_04_02_57_48_334.jpg, IMG/left_2017_02_04_02_57_48_334.jpg, IMG/right_2017_02_04_02_57_48_334.jpg,-0.01234567,0.4287098,0,6.428124
IMG/center_2017_02_04_02_57_48_436.jpg, IMG/left_2017_02_04_02_57_48_436.jpg, IMG/right_2017_02_04_02_57_48_436.jpg,-0.1091745,0.4287098,0,6.882941
IMG/center_2017_02_04_02_57_48_542.jpg, IMG/left_2017_02_04_02_57_48_542.jpg, IMG/right_2017_02_04_02_57_48_542.jpg,-0.1672718,0.4287098,0,7.32761
IMG/center_2017_02_04_02_57_48_642.jpg, IMG/left_2017_02_04_02_57_48_642.jpg, IMG/right_2017_02_04_02_57_48_642.jpg,-0.1285403,0.4383927,0,7.774826
IMG/center_2017_02_04_02_57_48_748.jpg, IMG/left_2017_02_04_02_57_48_748.jpg, IMG/right_2017_02_04_02_57_48_748.jpg,-0.1188574,0.4287098,0,8.217547
IMG/center_2017_02_04_02_57_48_852.jpg, IMG/left_2017_02_04_02_57_48_852.jpg, IMG/right_2017_02_04_02_57_48_852.jpg,-0.1188574,0.4287098,0,8.741514
IMG/center_2017_02_04_02_57_48_957.jpg, IMG/left_2017_02_04_02_57_48_957.jpg, IMG/right_2017_02_04_02_57_48_957.jpg,-0.1188574,0.4287098,0,9.173208
IMG/center_2017_02_04_02_57_49_066.jpg, IMG/left_2017_02_04_02_57_49_066.jpg, IMG/right_2017_02_04_02_57_49_066.jpg,-0.1188574,0.4287098,0,9.600558
IMG/center_2017_02_04_02_57_49_168.jpg, IMG/left_2017_02_04_02_57_49_168.jpg, IMG/right_2017_02_04_02_57_49_168.jpg,-0.1188574,0.4287098,0,10.02598
IMG/center_2017_02_04_02_57_49_272.jpg, IMG/left_2017_02_04_02_57_49_272.jpg, IMG/right_2017_02_04_02_57_49_272.jpg,-0.1091745,0.4287098,0,10.44488
IMG/center_2017_02_04_02_57_49_378.jpg, IMG/left_2017_02_04_02_57_49_378.jpg, IMG/right_2017_02_04_02_57_49_378.jpg,-0.07044297,0.4287098,0,10.94292
IMG/center_2017_02_04_02_57_49_489.jpg, IMG/left_2017_02_04_02_57_49_489.jpg, IMG/right_2017_02_04_02_57_49_489.jpg,-0.06076009,0.4383927,0,11.27927
IMG/center_2017_02_04_02_57_49_595.jpg, IMG/left_2017_02_04_02_57_49_595.jpg, IMG/right_2017_02_04_02_57_49_595.jpg,-0.01234567,0.4480756,0,11.94676
IMG/center_2017_02_04_02_57_49_697.jpg, IMG/left_2017_02_04_02_57_49_697.jpg, IMG/right_2017_02_04_02_57_49_697.jpg,0,0.4480756,0,12.12641
IMG/center_2017_02_04_02_57_49_805.jpg, IMG/left_2017_02_04_02_57_49_805.jpg, IMG/right_2017_02_04_02_57_49_805.jpg,0,0.4577585,0,12.77103
IMG/center_2017_02_04_02_57_49_911.jpg, IMG/left_2017_02_04_02_57_49_911.jpg, IMG/right_2017_02_04_02_57_49_911.jpg,0,0.4577585,0,12.91396
IMG/center_2017_02_04_02_57_50_014.jpg, IMG/left_2017_02_04_02_57_50_014.jpg, IMG/right_2017_02_04_02_57_50_014.jpg,0,0.4674413,0,13.41432
IMG/center_2017_02_04_02_57_50_123.jpg, IMG/left_2017_02_04_02_57_50_123.jpg, IMG/right_2017_02_04_02_57_50_123.jpg,0,0.4674413,0,14.05032
IMG/center_2017_02_04_02_57_50_224.jpg, IMG/left_2017_02_04_02_57_50_224.jpg, IMG/right_2017_02_04_02_57_50_224.jpg,0,0.4771242,0,14.47164
IMG/center_2017_02_04_02_57_50_330.jpg, IMG/left_2017_02_04_02_57_50_330.jpg, IMG/right_2017_02_04_02_57_50_330.jpg,0,0.4771242,0,14.95639
IMG/center_2017_02_04_02_57_50_433.jpg, IMG/left_2017_02_04_02_57_50_433.jpg, IMG/right_2017_02_04_02_57_50_433.jpg,0,0.4771242,0,15.41666
IMG/center_2017_02_04_02_57_50_534.jpg, IMG/left_2017_02_04_02_57_50_534.jpg, IMG/right_2017_02_04_02_57_50_534.jpg,0,0.4771242,0,15.87351
IMG/center_2017_02_04_02_57_50_638.jpg, IMG/left_2017_02_04_02_57_50_638.jpg, IMG/right_2017_02_04_02_57_50_638.jpg,0,0.4771242,0,16.19976
IMG/center_2017_02_04_02_57_50_744.jpg, IMG/left_2017_02_04_02_57_50_744.jpg, IMG/right_2017_02_04_02_57_50_744.jpg,0,0.4771242,0,16.74702
IMG/center_2017_02_04_02_57_50_845.jpg, IMG/left_2017_02_04_02_57_50_845.jpg, IMG/right_2017_02_04_02_57_50_845.jpg,0,0.4771242,0,16.99512
IMG/center_2017_02_04_02_57_50_946.jpg, IMG/left_2017_02_04_02_57_50_946.jpg, IMG/right_2017_02_04_02_57_50_946.jpg,0,0.4771242,0,17.61062
IMG/center_2017_02_04_02_57_51_058.jpg, IMG/left_2017_02_04_02_57_51_058.jpg, IMG/right_2017_02_04_02_57_51_058.jpg,0,0.4771242,0,18.12733
IMG/center_2017_02_04_02_57_51_167.jpg, IMG/left_2017_02_04_02_57_51_167.jpg, IMG/right_2017_02_04_02_57_51_167.jpg,0,0.4771242,0,18.22868
IMG/center_2017_02_04_02_57_51_270.jpg, IMG/left_2017_02_04_02_57_51_270.jpg, IMG/right_2017_02_04_02_57_51_270.jpg,0,0.4771242,0,18.9276
IMG/center_2017_02_04_02_57_51_370.jpg, IMG/left_2017_02_04_02_57_51_370.jpg, IMG/right_2017_02_04_02_57_51_370.jpg,0,0.4771242,0,19.02733
IMG/center_2017_02_04_02_57_51_474.jpg, IMG/left_2017_02_04_02_57_51_474.jpg, IMG/right_2017_02_04_02_57_51_474.jpg,0,0.4771242,0,19.5066
IMG/center_2017_02_04_02_57_51_576.jpg, IMG/left_2017_02_04_02_57_51_576.jpg, IMG/right_2017_02_04_02_57_51_576.jpg,0,0.4771242,0,20.1452
IMG/center_2017_02_04_02_57_51_681.jpg, IMG/left_2017_02_04_02_57_51_681.jpg, IMG/right_2017_02_04_02_57_51_681.jpg,0,0.4771242,0,20.28234
IMG/center_2017_02_04_02_57_51_804.jpg, IMG/left_2017_02_04_02_57_51_804.jpg, IMG/right_2017_02_04_02_57_51_804.jpg,0,0.4868071,0,20.74848
IMG/center_2017_02_04_02_57_51_905.jpg, IMG/left_2017_02_04_02_57_51_905.jpg, IMG/right_2017_02_04_02_57_51_905.jpg,0,0.4771242,0,21.32771
IMG/center_2017_02_04_02_57_52_019.jpg, IMG/left_2017_02_04_02_57_52_019.jpg, IMG/right_2017_02_04_02_57_52_019.jpg,0,0.4771242,0,21.75523
IMG/center_2017_02_04_02_57_52_121.jpg, IMG/left_2017_02_04_02_57_52_121.jpg, IMG/right_2017_02_04_02_57_52_121.jpg,0,0.4771242,0,21.96852
IMG/center_2017_02_04_02_57_52_222.jpg, IMG/left_2017_02_04_02_57_52_222.jpg, IMG/right_2017_02_04_02_57_52_222.jpg,0,0.4771242,0,22.45067
IMG/center_2017_02_04_02_57_52_324.jpg, IMG/left_2017_02_04_02_57_52_324.jpg, IMG/right_2017_02_04_02_57_52_324.jpg,0,0.4771242,0,22.71908
IMG/center_2017_02_04_02_57_52_425.jpg, IMG/left_2017_02_04_02_57_52_425.jpg, IMG/right_2017_02_04_02_57_52_425.jpg,0,0.4771242,0,23.12593
IMG/center_2017_02_04_02_57_52_526.jpg, IMG/left_2017_02_04_02_57_52_526.jpg, IMG/right_2017_02_04_02_57_52_526.jpg,0,0.4771242,0,23.43433
IMG/center_2017_02_04_02_57_52_634.jpg, IMG/left_2017_02_04_02_57_52_634.jpg, IMG/right_2017_02_04_02_57_52_634.jpg,0,0.4868071,0,23.85932
IMG/center_2017_02_04_02_57_52_739.jpg, IMG/left_2017_02_04_02_57_52_739.jpg, IMG/right_2017_02_04_02_57_52_739.jpg,0,0.4771242,0,24.20853
IMG/center_2017_02_04_02_57_52_840.jpg, IMG/left_2017_02_04_02_57_52_840.jpg, IMG/right_2017_02_04_02_57_52_840.jpg,0.3899783,0.1769547,0,24.30705
IMG/center_2017_02_04_02_57_52_941.jpg, IMG/left_2017_02_04_02_57_52_941.jpg, IMG/right_2017_02_04_02_57_52_941.jpg,0.1866377,0.2156862,0,24.2123
IMG/center_2017_02_04_02_57_53_045.jpg, IMG/left_2017_02_04_02_57_53_045.jpg, IMG/right_2017_02_04_02_57_53_045.jpg,0.08980883,0.2447349,0,24.25846
IMG/center_2017_02_04_02_57_53_161.jpg, IMG/left_2017_02_04_02_57_53_161.jpg, IMG/right_2017_02_04_02_57_53_161.jpg,0,0.2931493,0,24.34172
IMG/center_2017_02_04_02_57_53_278.jpg, IMG/left_2017_02_04_02_57_53_278.jpg, IMG/right_2017_02_04_02_57_53_278.jpg,0,0.2931493,0,24.4723
IMG/center_2017_02_04_02_57_53_385.jpg, IMG/left_2017_02_04_02_57_53_385.jpg, IMG/right_2017_02_04_02_57_53_385.jpg,0.08980883,0.2931493,0,24.58996
IMG/center_2017_02_04_02_57_53_485.jpg, IMG/left_2017_02_04_02_57_53_485.jpg, IMG/right_2017_02_04_02_57_53_485.jpg,0.08980883,0.2931493,0,24.69271
IMG/center_2017_02_04_02_57_53_592.jpg, IMG/left_2017_02_04_02_57_53_592.jpg, IMG/right_2017_02_04_02_57_53_592.jpg,0.1285404,0.2834665,0,24.81553
IMG/center_2017_02_04_02_57_53_695.jpg, IMG/left_2017_02_04_02_57_53_695.jpg, IMG/right_2017_02_04_02_57_53_695.jpg,0.157589,0.2641007,0,24.87353
IMG/center_2017_02_04_02_57_53_795.jpg, IMG/left_2017_02_04_02_57_53_795.jpg, IMG/right_2017_02_04_02_57_53_795.jpg,0.1382232,0.2641007,0,24.93988
IMG/center_2017_02_04_02_57_53_901.jpg, IMG/left_2017_02_04_02_57_53_901.jpg, IMG/right_2017_02_04_02_57_53_901.jpg,0.1382232,0.2641007,0,25.00787
IMG/center_2017_02_04_02_57_54_005.jpg, IMG/left_2017_02_04_02_57_54_005.jpg, IMG/right_2017_02_04_02_57_54_005.jpg,0.2544179,0.2060034,0,25.00829
IMG/center_2017_02_04_02_57_54_107.jpg, IMG/left_2017_02_04_02_57_54_107.jpg, IMG/right_2017_02_04_02_57_54_107.jpg,0.244735,0.2156862,0,24.99357
IMG/center_2017_02_04_02_57_54_211.jpg, IMG/left_2017_02_04_02_57_54_211.jpg, IMG/right_2017_02_04_02_57_54_211.jpg,0.1866377,0.2156862,0,25.00354
IMG/center_2017_02_04_02_57_54_313.jpg, IMG/left_2017_02_04_02_57_54_313.jpg, IMG/right_2017_02_04_02_57_54_313.jpg,0.1188575,0.2156862,0,25.02247
IMG/center_2017_02_04_02_57_54_414.jpg, IMG/left_2017_02_04_02_57_54_414.jpg, IMG/right_2017_02_04_02_57_54_414.jpg,0.1091746,0.2156862,0,25.0298
IMG/center_2017_02_04_02_57_54_514.jpg, IMG/left_2017_02_04_02_57_54_514.jpg, IMG/right_2017_02_04_02_57_54_514.jpg,0.06076016,0.2253691,0,25.04657
IMG/center_2017_02_04_02_57_54_615.jpg, IMG/left_2017_02_04_02_57_54_615.jpg, IMG/right_2017_02_04_02_57_54_615.jpg,0.06076016,0.2253691,0,25.07099
IMG/center_2017_02_04_02_57_54_722.jpg, IMG/left_2017_02_04_02_57_54_722.jpg, IMG/right_2017_02_04_02_57_54_722.jpg,0.05107728,0.235052,0,25.0972
IMG/center_2017_02_04_02_57_54_822.jpg, IMG/left_2017_02_04_02_57_54_822.jpg, IMG/right_2017_02_04_02_57_54_822.jpg,0.0413944,0.2447349,0,25.13547
IMG/center_2017_02_04_02_57_54_926.jpg, IMG/left_2017_02_04_02_57_54_926.jpg, IMG/right_2017_02_04_02_57_54_926.jpg,0.08980883,0.2447349,0,25.17984
IMG/center_2017_02_04_02_57_55_036.jpg, IMG/left_2017_02_04_02_57_55_036.jpg, IMG/right_2017_02_04_02_57_55_036.jpg,0.1479061,0.2447349,0,25.21889
IMG/center_2017_02_04_02_57_55_138.jpg, IMG/left_2017_02_04_02_57_55_138.jpg, IMG/right_2017_02_04_02_57_55_138.jpg,0.1769548,0.2447349,0,25.25289
IMG/center_2017_02_04_02_57_55_239.jpg, IMG/left_2017_02_04_02_57_55_239.jpg, IMG/right_2017_02_04_02_57_55_239.jpg,0.1963205,0.2253691,0,25.2629
IMG/center_2017_02_04_02_57_55_342.jpg, IMG/left_2017_02_04_02_57_55_342.jpg, IMG/right_2017_02_04_02_57_55_342.jpg,0.1769548,0.2253691,0,25.28133
IMG/center_2017_02_04_02_57_55_444.jpg, IMG/left_2017_02_04_02_57_55_444.jpg, IMG/right_2017_02_04_02_57_55_444.jpg,0.1769548,0.2253691,0,25.29684
IMG/center_2017_02_04_02_57_55_548.jpg, IMG/left_2017_02_04_02_57_55_548.jpg, IMG/right_2017_02_04_02_57_55_548.jpg,0.2060034,0.2253691,0,25.31055
IMG/center_2017_02_04_02_57_55_651.jpg, IMG/left_2017_02_04_02_57_55_651.jpg, IMG/right_2017_02_04_02_57_55_651.jpg,0.2737836,0.2253691,0,25.31414
IMG/center_2017_02_04_02_57_55_752.jpg, IMG/left_2017_02_04_02_57_55_752.jpg, IMG/right_2017_02_04_02_57_55_752.jpg,0.3125152,0.1866376,0,25.26926
IMG/center_2017_02_04_02_57_55_856.jpg, IMG/left_2017_02_04_02_57_55_856.jpg, IMG/right_2017_02_04_02_57_55_856.jpg,0.3125152,0.1963205,0,25.22131
IMG/center_2017_02_04_02_57_55_959.jpg, IMG/left_2017_02_04_02_57_55_959.jpg, IMG/right_2017_02_04_02_57_55_959.jpg,0.3125152,0.1866376,0,25.18429
IMG/center_2017_02_04_02_57_56_061.jpg, IMG/left_2017_02_04_02_57_56_061.jpg, IMG/right_2017_02_04_02_57_56_061.jpg,0.2931494,0.1866376,0,25.15325
IMG/center_2017_02_04_02_57_56_169.jpg, IMG/left_2017_02_04_02_57_56_169.jpg, IMG/right_2017_02_04_02_57_56_169.jpg,0.2931494,0.1963205,0,25.12246
IMG/center_2017_02_04_02_57_56_270.jpg, IMG/left_2017_02_04_02_57_56_270.jpg, IMG/right_2017_02_04_02_57_56_270.jpg,0.3028323,0.1866376,0,25.10085
IMG/center_2017_02_04_02_57_56_371.jpg, IMG/left_2017_02_04_02_57_56_371.jpg, IMG/right_2017_02_04_02_57_56_371.jpg,0.3221981,0.1866376,0,25.06589
IMG/center_2017_02_04_02_57_56_481.jpg, IMG/left_2017_02_04_02_57_56_481.jpg, IMG/right_2017_02_04_02_57_56_481.jpg,0.3415638,0.1769547,0,25.00845
IMG/center_2017_02_04_02_57_56_586.jpg, IMG/left_2017_02_04_02_57_56_586.jpg, IMG/right_2017_02_04_02_57_56_586.jpg,0.3415638,0.1769547,0,24.96045
IMG/center_2017_02_04_02_57_56_688.jpg, IMG/left_2017_02_04_02_57_56_688.jpg, IMG/right_2017_02_04_02_57_56_688.jpg,0.3512467,0.1769547,0,24.91359
IMG/center_2017_02_04_02_57_56_791.jpg, IMG/left_2017_02_04_02_57_56_791.jpg, IMG/right_2017_02_04_02_57_56_791.jpg,0.2737836,0.1769547,0,24.87911
IMG/center_2017_02_04_02_57_56_894.jpg, IMG/left_2017_02_04_02_57_56_894.jpg, IMG/right_2017_02_04_02_57_56_894.jpg,0.2544179,0.1866376,0,24.84476
IMG/center_2017_02_04_02_57_56_996.jpg, IMG/left_2017_02_04_02_57_56_996.jpg, IMG/right_2017_02_04_02_57_56_996.jpg,0.2253692,0.1866376,0,24.82624
IMG/center_2017_02_04_02_57_57_099.jpg, IMG/left_2017_02_04_02_57_57_099.jpg, IMG/right_2017_02_04_02_57_57_099.jpg,0.09949171,0.2641007,0,24.85507
IMG/center_2017_02_04_02_57_57_209.jpg, IMG/left_2017_02_04_02_57_57_209.jpg, IMG/right_2017_02_04_02_57_57_209.jpg,0.08012594,0.2737836,0,24.93863
IMG/center_2017_02_04_02_57_57_318.jpg, IMG/left_2017_02_04_02_57_57_318.jpg, IMG/right_2017_02_04_02_57_57_318.jpg,0.08012594,0.2737836,0,25.04442
IMG/center_2017_02_04_02_57_57_427.jpg, IMG/left_2017_02_04_02_57_57_427.jpg, IMG/right_2017_02_04_02_57_57_427.jpg,0.08012594,0.2737836,0,25.12602
IMG/center_2017_02_04_02_57_57_533.jpg, IMG/left_2017_02_04_02_57_57_533.jpg, IMG/right_2017_02_04_02_57_57_533.jpg,0.08980883,0.2737836,0,25.22095
IMG/center_2017_02_04_02_57_57_637.jpg, IMG/left_2017_02_04_02_57_57_637.jpg, IMG/right_2017_02_04_02_57_57_637.jpg,0.08980883,0.2834665,0,25.29976
IMG/center_2017_02_04_02_57_57_740.jpg, IMG/left_2017_02_04_02_57_57_740.jpg, IMG/right_2017_02_04_02_57_57_740.jpg,0.08012594,0.2737836,0,25.38468
IMG/center_2017_02_04_02_57_57_844.jpg, IMG/left_2017_02_04_02_57_57_844.jpg, IMG/right_2017_02_04_02_57_57_844.jpg,0.08980883,0.2737836,0,25.46078
IMG/center_2017_02_04_02_57_57_964.jpg, IMG/left_2017_02_04_02_57_57_964.jpg, IMG/right_2017_02_04_02_57_57_964.jpg,0.08980883,0.2834665,0,25.55154
IMG/center_2017_02_04_02_57_58_071.jpg, IMG/left_2017_02_04_02_57_58_071.jpg, IMG/right_2017_02_04_02_57_58_071.jpg,0.08012594,0.2834665,0,25.63977
IMG/center_2017_02_04_02_57_58_183.jpg, IMG/left_2017_02_04_02_57_58_183.jpg, IMG/right_2017_02_04_02_57_58_183.jpg,0.08012594,0.2737836,0,25.73005
IMG/center_2017_02_04_02_57_58_296.jpg, IMG/left_2017_02_04_02_57_58_296.jpg, IMG/right_2017_02_04_02_57_58_296.jpg,0.1188575,0.2737836,0,25.81449
IMG/center_2017_02_04_02_57_58_403.jpg, IMG/left_2017_02_04_02_57_58_403.jpg, IMG/right_2017_02_04_02_57_58_403.jpg,0.1188575,0.2834665,0,25.89324
IMG/center_2017_02_04_02_57_58_505.jpg, IMG/left_2017_02_04_02_57_58_505.jpg, IMG/right_2017_02_04_02_57_58_505.jpg,0.1188575,0.2737836,0,25.97084
IMG/center_2017_02_04_02_57_58_612.jpg, IMG/left_2017_02_04_02_57_58_612.jpg, IMG/right_2017_02_04_02_57_58_612.jpg,0.1188575,0.2737836,0,26.05487
IMG/center_2017_02_04_02_57_58_719.jpg, IMG/left_2017_02_04_02_57_58_719.jpg, IMG/right_2017_02_04_02_57_58_719.jpg,0.1091746,0.2737836,0,26.12431
IMG/center_2017_02_04_02_57_58_828.jpg, IMG/left_2017_02_04_02_57_58_828.jpg, IMG/right_2017_02_04_02_57_58_828.jpg,0.06076016,0.2834665,0,26.20555
IMG/center_2017_02_04_02_57_58_936.jpg, IMG/left_2017_02_04_02_57_58_936.jpg, IMG/right_2017_02_04_02_57_58_936.jpg,0.05107728,0.2737836,0,26.29364
IMG/center_2017_02_04_02_57_59_060.jpg, IMG/left_2017_02_04_02_57_59_060.jpg, IMG/right_2017_02_04_02_57_59_060.jpg,0.05107728,0.1769547,0,26.33739
IMG/center_2017_02_04_02_57_59_161.jpg, IMG/left_2017_02_04_02_57_59_161.jpg, IMG/right_2017_02_04_02_57_59_161.jpg,0.0413944,0.1479061,0,26.25725
IMG/center_2017_02_04_02_57_59_265.jpg, IMG/left_2017_02_04_02_57_59_265.jpg, IMG/right_2017_02_04_02_57_59_265.jpg,0.01234574,0.1091745,0,26.15565
IMG/center_2017_02_04_02_57_59_368.jpg, IMG/left_2017_02_04_02_57_59_368.jpg, IMG/right_2017_02_04_02_57_59_368.jpg,0,0.09949163,0,26.02114
IMG/center_2017_02_04_02_57_59_470.jpg, IMG/left_2017_02_04_02_57_59_470.jpg, IMG/right_2017_02_04_02_57_59_470.jpg,0,0.09949163,0,25.88093
IMG/center_2017_02_04_02_57_59_571.jpg, IMG/left_2017_02_04_02_57_59_571.jpg, IMG/right_2017_02_04_02_57_59_571.jpg,0,0.09949163,0,25.74147
IMG/center_2017_02_04_02_57_59_678.jpg, IMG/left_2017_02_04_02_57_59_678.jpg, IMG/right_2017_02_04_02_57_59_678.jpg,-0.1091745,0.1769547,0,25.63407
IMG/center_2017_02_04_02_57_59_781.jpg, IMG/left_2017_02_04_02_57_59_781.jpg, IMG/right_2017_02_04_02_57_59_781.jpg,0,0.08980875,0,25.57755
IMG/center_2017_02_04_02_57_59_886.jpg, IMG/left_2017_02_04_02_57_59_886.jpg, IMG/right_2017_02_04_02_57_59_886.jpg,0,0,0,25.33215
IMG/center_2017_02_04_02_57_59_990.jpg, IMG/left_2017_02_04_02_57_59_990.jpg, IMG/right_2017_02_04_02_57_59_990.jpg,0,0,0,25.07697
IMG/center_2017_02_04_02_58_00_093.jpg, IMG/left_2017_02_04_02_58_00_093.jpg, IMG/right_2017_02_04_02_58_00_093.jpg,0,0,0,24.7754
IMG/center_2017_02_04_02_58_00_195.jpg, IMG/left_2017_02_04_02_58_00_195.jpg, IMG/right_2017_02_04_02_58_00_195.jpg,0,0,0,24.52691
IMG/center_2017_02_04_02_58_00_300.jpg, IMG/left_2017_02_04_02_58_00_300.jpg, IMG/right_2017_02_04_02_58_00_300.jpg,0,0,0,24.28076
IMG/center_2017_02_04_02_58_00_411.jpg, IMG/left_2017_02_04_02_58_00_411.jpg, IMG/right_2017_02_04_02_58_00_411.jpg,0,0,0,24.03704
IMG/center_2017_02_04_02_58_00_518.jpg, IMG/left_2017_02_04_02_58_00_518.jpg, IMG/right_2017_02_04_02_58_00_518.jpg,0,0,0,23.74784
IMG/center_2017_02_04_02_58_00_621.jpg, IMG/left_2017_02_04_02_58_00_621.jpg, IMG/right_2017_02_04_02_58_00_621.jpg,0,0,0,23.50941
IMG/center_2017_02_04_02_58_00_725.jpg, IMG/left_2017_02_04_02_58_00_725.jpg, IMG/right_2017_02_04_02_58_00_725.jpg,0,0,0,23.27337
IMG/center_2017_02_04_02_58_00_835.jpg, IMG/left_2017_02_04_02_58_00_835.jpg, IMG/right_2017_02_04_02_58_00_835.jpg,0,0,0,22.99326
IMG/center_2017_02_04_02_58_00_937.jpg, IMG/left_2017_02_04_02_58_00_937.jpg, IMG/right_2017_02_04_02_58_00_937.jpg,0,0,0,22.76241
IMG/center_2017_02_04_02_58_01_051.jpg, IMG/left_2017_02_04_02_58_01_051.jpg, IMG/right_2017_02_04_02_58_01_051.jpg,0,0,0,22.53388
IMG/center_2017_02_04_02_58_01_154.jpg, IMG/left_2017_02_04_02_58_01_154.jpg, IMG/right_2017_02_04_02_58_01_154.jpg,0,0,0,22.26267
IMG/center_2017_02_04_02_58_01_257.jpg, IMG/left_2017_02_04_02_58_01_257.jpg, IMG/right_2017_02_04_02_58_01_257.jpg,0,0,0,22.03916
IMG/center_2017_02_04_02_58_01_360.jpg, IMG/left_2017_02_04_02_58_01_360.jpg, IMG/right_2017_02_04_02_58_01_360.jpg,0,0,0,21.81789
IMG/center_2017_02_04_02_58_52_916.jpg, IMG/left_2017_02_04_02_58_52_916.jpg, IMG/right_2017_02_04_02_58_52_916.jpg,0,0,0,7.71E-05
IMG/center_2017_02_04_02_58_53_020.jpg, IMG/left_2017_02_04_02_58_53_020.jpg, IMG/right_2017_02_04_02_58_53_020.jpg,0,0,0,7.72E-05
IMG/center_2017_02_04_02_58_53_133.jpg, IMG/left_2017_02_04_02_58_53_133.jpg, IMG/right_2017_02_04_02_58_53_133.jpg,0,0,0,7.80E-05
IMG/center_2017_02_04_02_58_53_236.jpg, IMG/left_2017_02_04_02_58_53_236.jpg, IMG/right_2017_02_04_02_58_53_236.jpg,0,0,0,7.85E-05
IMG/center_2017_02_04_02_58_53_350.jpg, IMG/left_2017_02_04_02_58_53_350.jpg, IMG/right_2017_02_04_02_58_53_350.jpg,0,0,0,7.78E-05
IMG/center_2017_02_04_02_58_53_453.jpg, IMG/left_2017_02_04_02_58_53_453.jpg, IMG/right_2017_02_04_02_58_53_453.jpg,0,0,0,7.83E-05
IMG/center_2017_02_04_02_58_53_554.jpg, IMG/left_2017_02_04_02_58_53_554.jpg, IMG/right_2017_02_04_02_58_53_554.jpg,0,0,0,7.86E-05
IMG/center_2017_02_04_02_58_53_657.jpg, IMG/left_2017_02_04_02_58_53_657.jpg, IMG/right_2017_02_04_02_58_53_657.jpg,0,0,0,7.69E-05
IMG/center_2017_02_04_02_58_53_761.jpg, IMG/left_2017_02_04_02_58_53_761.jpg, IMG/right_2017_02_04_02_58_53_761.jpg,0,0,0,7.71E-05
IMG/center_2017_02_04_02_58_53_861.jpg, IMG/left_2017_02_04_02_58_53_861.jpg, IMG/right_2017_02_04_02_58_53_861.jpg,0,0,0,7.77E-05
IMG/center_2017_02_04_02_58_53_962.jpg, IMG/left_2017_02_04_02_58_53_962.jpg, IMG/right_2017_02_04_02_58_53_962.jpg,0,0,0,7.69E-05
IMG/center_2017_02_04_02_58_54_065.jpg, IMG/left_2017_02_04_02_58_54_065.jpg, IMG/right_2017_02_04_02_58_54_065.jpg,0,0,0,7.69E-05
IMG/center_2017_02_04_02_58_54_167.jpg, IMG/left_2017_02_04_02_58_54_167.jpg, IMG/right_2017_02_04_02_58_54_167.jpg,0,0,0,7.79E-05
IMG/center_2017_02_04_02_58_54_275.jpg, IMG/left_2017_02_04_02_58_54_275.jpg, IMG/right_2017_02_04_02_58_54_275.jpg,0,0,0,7.70E-05
IMG/center_2017_02_04_02_58_54_378.jpg, IMG/left_2017_02_04_02_58_54_378.jpg, IMG/right_2017_02_04_02_58_54_378.jpg,0,0,0,7.78E-05
IMG/center_2017_02_04_02_58_54_483.jpg, IMG/left_2017_02_04_02_58_54_483.jpg, IMG/right_2017_02_04_02_58_54_483.jpg,0,0,0,7.82E-05
IMG/center_2017_02_04_02_58_54_587.jpg, IMG/left_2017_02_04_02_58_54_587.jpg, IMG/right_2017_02_04_02_58_54_587.jpg,0,0,0,7.72E-05
IMG/center_2017_02_04_02_58_54_690.jpg, IMG/left_2017_02_04_02_58_54_690.jpg, IMG/right_2017_02_04_02_58_54_690.jpg,0,0,0,7.69E-05
IMG/center_2017_02_04_02_58_54_793.jpg, IMG/left_2017_02_04_02_58_54_793.jpg, IMG/right_2017_02_04_02_58_54_793.jpg,0,0,0,7.76E-05
IMG/center_2017_02_04_02_58_54_898.jpg, IMG/left_2017_02_04_02_58_54_898.jpg, IMG/right_2017_02_04_02_58_54_898.jpg,0,0.01234567,0,0.0157857
IMG/center_2017_02_04_02_58_55_008.jpg, IMG/left_2017_02_04_02_58_55_008.jpg, IMG/right_2017_02_04_02_58_55_008.jpg,0,0.1382232,0,0.1705489
IMG/center_2017_02_04_02_58_55_109.jpg, IMG/left_2017_02_04_02_58_55_109.jpg, IMG/right_2017_02_04_02_58_55_109.jpg,0,0.2060034,0,0.3170026
IMG/center_2017_02_04_02_58_55_211.jpg, IMG/left_2017_02_04_02_58_55_211.jpg, IMG/right_2017_02_04_02_58_55_211.jpg,0,0.3028322,0,0.6314985
IMG/center_2017_02_04_02_58_55_315.jpg, IMG/left_2017_02_04_02_58_55_315.jpg, IMG/right_2017_02_04_02_58_55_315.jpg,0,0.322198,0,1.048453
IMG/center_2017_02_04_02_58_55_423.jpg, IMG/left_2017_02_04_02_58_55_423.jpg, IMG/right_2017_02_04_02_58_55_423.jpg,0,0.3512466,0,1.428797
IMG/center_2017_02_04_02_58_55_527.jpg, IMG/left_2017_02_04_02_58_55_527.jpg, IMG/right_2017_02_04_02_58_55_527.jpg,0,0.3512466,0,1.842244
IMG/center_2017_02_04_02_58_55_647.jpg, IMG/left_2017_02_04_02_58_55_647.jpg, IMG/right_2017_02_04_02_58_55_647.jpg,0,0.3512466,0,2.372434
IMG/center_2017_02_04_02_58_55_748.jpg, IMG/left_2017_02_04_02_58_55_748.jpg, IMG/right_2017_02_04_02_58_55_748.jpg,0,0.3512466,0,2.756685
IMG/center_2017_02_04_02_58_55_872.jpg, IMG/left_2017_02_04_02_58_55_872.jpg, IMG/right_2017_02_04_02_58_55_872.jpg,0,0.3512466,0,3.348222
IMG/center_2017_02_04_02_58_55_977.jpg, IMG/left_2017_02_04_02_58_55_977.jpg, IMG/right_2017_02_04_02_58_55_977.jpg,0,0.3512466,0,3.726824
IMG/center_2017_02_04_02_58_56_080.jpg, IMG/left_2017_02_04_02_58_56_080.jpg, IMG/right_2017_02_04_02_58_56_080.jpg,0,0.3609295,0,4.130368
IMG/center_2017_02_04_02_58_56_185.jpg, IMG/left_2017_02_04_02_58_56_185.jpg, IMG/right_2017_02_04_02_58_56_185.jpg,0,0.3609295,0,4.525582
IMG/center_2017_02_04_02_58_56_289.jpg, IMG/left_2017_02_04_02_58_56_289.jpg, IMG/right_2017_02_04_02_58_56_289.jpg,0,0.3609295,0,4.917319
IMG/center_2017_02_04_02_58_56_392.jpg, IMG/left_2017_02_04_02_58_56_392.jpg, IMG/right_2017_02_04_02_58_56_392.jpg,0,0.3609295,0,5.382499
IMG/center_2017_02_04_02_58_56_513.jpg, IMG/left_2017_02_04_02_58_56_513.jpg, IMG/right_2017_02_04_02_58_56_513.jpg,0,0.3609295,0,5.84222
IMG/center_2017_02_04_02_58_56_618.jpg, IMG/left_2017_02_04_02_58_56_618.jpg, IMG/right_2017_02_04_02_58_56_618.jpg,0,0.3609295,0,6.221136
IMG/center_2017_02_04_02_58_56_729.jpg, IMG/left_2017_02_04_02_58_56_729.jpg, IMG/right_2017_02_04_02_58_56_729.jpg,0,0.3609295,0,6.59627
IMG/center_2017_02_04_02_58_56_833.jpg, IMG/left_2017_02_04_02_58_56_833.jpg, IMG/right_2017_02_04_02_58_56_833.jpg,0,0.3609295,0,7.04147
IMG/center_2017_02_04_02_58_56_935.jpg, IMG/left_2017_02_04_02_58_56_935.jpg, IMG/right_2017_02_04_02_58_56_935.jpg,0,0.3706124,0,7.412503
IMG/center_2017_02_04_02_58_57_038.jpg, IMG/left_2017_02_04_02_58_57_038.jpg, IMG/right_2017_02_04_02_58_57_038.jpg,0,0.3802953,0,7.79853
IMG/center_2017_02_04_02_58_57_172.jpg, IMG/left_2017_02_04_02_58_57_172.jpg, IMG/right_2017_02_04_02_58_57_172.jpg,0,0.3802953,0,8.333311
IMG/center_2017_02_04_02_58_57_273.jpg, IMG/left_2017_02_04_02_58_57_273.jpg, IMG/right_2017_02_04_02_58_57_273.jpg,0,0.3802953,0,8.710711
IMG/center_2017_02_04_02_58_57_374.jpg, IMG/left_2017_02_04_02_58_57_374.jpg, IMG/right_2017_02_04_02_58_57_374.jpg,0,0.3802953,0,9.084332
IMG/center_2017_02_04_02_58_57_476.jpg, IMG/left_2017_02_04_02_58_57_476.jpg, IMG/right_2017_02_04_02_58_57_476.jpg,0,0.3802953,0,9.454208
IMG/center_2017_02_04_02_58_57_578.jpg, IMG/left_2017_02_04_02_58_57_578.jpg, IMG/right_2017_02_04_02_58_57_578.jpg,0,0.3802953,0,9.820383
IMG/center_2017_02_04_02_58_57_681.jpg, IMG/left_2017_02_04_02_58_57_681.jpg, IMG/right_2017_02_04_02_58_57_681.jpg,0,0.3802953,0,10.18288
IMG/center_2017_02_04_02_58_57_782.jpg, IMG/left_2017_02_04_02_58_57_782.jpg, IMG/right_2017_02_04_02_58_57_782.jpg,0,0.3802953,0,10.54175
IMG/center_2017_02_04_02_58_57_894.jpg, IMG/left_2017_02_04_02_58_57_894.jpg, IMG/right_2017_02_04_02_58_57_894.jpg,0,0.3802953,0,10.96765
IMG/center_2017_02_04_02_58_58_004.jpg, IMG/left_2017_02_04_02_58_58_004.jpg, IMG/right_2017_02_04_02_58_58_004.jpg,0,0.3802953,0,11.36064
IMG/center_2017_02_04_02_58_58_119.jpg, IMG/left_2017_02_04_02_58_58_119.jpg, IMG/right_2017_02_04_02_58_58_119.jpg,0,0.3802953,0,11.42416
IMG/center_2017_02_04_02_58_58_232.jpg, IMG/left_2017_02_04_02_58_58_232.jpg, IMG/right_2017_02_04_02_58_58_232.jpg,0,0.3802953,0,12.09
IMG/center_2017_02_04_02_58_58_335.jpg, IMG/left_2017_02_04_02_58_58_335.jpg, IMG/right_2017_02_04_02_58_58_335.jpg,0,0.3802953,0,12.529
IMG/center_2017_02_04_02_58_58_439.jpg, IMG/left_2017_02_04_02_58_58_439.jpg, IMG/right_2017_02_04_02_58_58_439.jpg,0,0.3802953,0,12.693
IMG/center_2017_02_04_02_58_58_540.jpg, IMG/left_2017_02_04_02_58_58_540.jpg, IMG/right_2017_02_04_02_58_58_540.jpg,0,0.3802953,0,13.17003
IMG/center_2017_02_04_02_58_58_645.jpg, IMG/left_2017_02_04_02_58_58_645.jpg, IMG/right_2017_02_04_02_58_58_645.jpg,0,0.3802953,0,13.15856
IMG/center_2017_02_04_02_58_58_748.jpg, IMG/left_2017_02_04_02_58_58_748.jpg, IMG/right_2017_02_04_02_58_58_748.jpg,0,0.3802953,0,13.94882
IMG/center_2017_02_04_02_58_58_861.jpg, IMG/left_2017_02_04_02_58_58_861.jpg, IMG/right_2017_02_04_02_58_58_861.jpg,0,0.3802953,0,14.30558
IMG/center_2017_02_04_02_58_58_975.jpg, IMG/left_2017_02_04_02_58_58_975.jpg, IMG/right_2017_02_04_02_58_58_975.jpg,0,0.3802953,0,14.74388
IMG/center_2017_02_04_02_58_59_086.jpg, IMG/left_2017_02_04_02_58_59_086.jpg, IMG/right_2017_02_04_02_58_59_086.jpg,0,0.3802953,0,14.62628
IMG/center_2017_02_04_02_58_59_199.jpg, IMG/left_2017_02_04_02_58_59_199.jpg, IMG/right_2017_02_04_02_58_59_199.jpg,0,0.3802953,0,14.99949
IMG/center_2017_02_04_02_58_59_302.jpg, IMG/left_2017_02_04_02_58_59_302.jpg, IMG/right_2017_02_04_02_58_59_302.jpg,0,0.3802953,0,15.71988
IMG/center_2017_02_04_02_58_59_405.jpg, IMG/left_2017_02_04_02_58_59_405.jpg, IMG/right_2017_02_04_02_58_59_405.jpg,0,0.3802953,0,15.59613
IMG/center_2017_02_04_02_58_59_508.jpg, IMG/left_2017_02_04_02_58_59_508.jpg, IMG/right_2017_02_04_02_58_59_508.jpg,0,0.3802953,0,16.32258
IMG/center_2017_02_04_02_58_59_608.jpg, IMG/left_2017_02_04_02_58_59_608.jpg, IMG/right_2017_02_04_02_58_59_608.jpg,0,0.3802953,0,16.20071
IMG/center_2017_02_04_02_58_59_710.jpg, IMG/left_2017_02_04_02_58_59_710.jpg, IMG/right_2017_02_04_02_58_59_710.jpg,0,0.3802953,0,16.92447
IMG/center_2017_02_04_02_58_59_811.jpg, IMG/left_2017_02_04_02_58_59_811.jpg, IMG/right_2017_02_04_02_58_59_811.jpg,0,0.3706124,0,16.79017
IMG/center_2017_02_04_02_58_59_913.jpg, IMG/left_2017_02_04_02_58_59_913.jpg, IMG/right_2017_02_04_02_58_59_913.jpg,0,0.3802953,0,17.14417
IMG/center_2017_02_04_02_59_00_023.jpg, IMG/left_2017_02_04_02_59_00_023.jpg, IMG/right_2017_02_04_02_59_00_023.jpg,0,0.3802953,0,17.83593
IMG/center_2017_02_04_02_59_00_124.jpg, IMG/left_2017_02_04_02_59_00_124.jpg, IMG/right_2017_02_04_02_59_00_124.jpg,0,0.3706124,0,17.71648
IMG/center_2017_02_04_02_59_00_227.jpg, IMG/left_2017_02_04_02_59_00_227.jpg, IMG/right_2017_02_04_02_59_00_227.jpg,0,0.3802953,0,18.38016
IMG/center_2017_02_04_02_59_00_329.jpg, IMG/left_2017_02_04_02_59_00_329.jpg, IMG/right_2017_02_04_02_59_00_329.jpg,0.01234574,0.3609295,0,18.29113
IMG/center_2017_02_04_02_59_00_429.jpg, IMG/left_2017_02_04_02_59_00_429.jpg, IMG/right_2017_02_04_02_59_00_429.jpg,0.01234574,0.3609295,0,18.89742
IMG/center_2017_02_04_02_59_00_530.jpg, IMG/left_2017_02_04_02_59_00_530.jpg, IMG/right_2017_02_04_02_59_00_530.jpg,0.03171151,0.3512466,0,18.80799
IMG/center_2017_02_04_02_59_00_639.jpg, IMG/left_2017_02_04_02_59_00_639.jpg, IMG/right_2017_02_04_02_59_00_639.jpg,0.08012594,0.3028322,0,19.05622
IMG/center_2017_02_04_02_59_00_742.jpg, IMG/left_2017_02_04_02_59_00_742.jpg, IMG/right_2017_02_04_02_59_00_742.jpg,0.02202863,0.3028322,0,19.54943
IMG/center_2017_02_04_02_59_00_847.jpg, IMG/left_2017_02_04_02_59_00_847.jpg, IMG/right_2017_02_04_02_59_00_847.jpg,0.02202863,0.3028322,0,19.41274
IMG/center_2017_02_04_02_59_00_951.jpg, IMG/left_2017_02_04_02_59_00_951.jpg, IMG/right_2017_02_04_02_59_00_951.jpg,0.08980883,0.2737836,0,19.85645
IMG/center_2017_02_04_02_59_01_055.jpg, IMG/left_2017_02_04_02_59_01_055.jpg, IMG/right_2017_02_04_02_59_01_055.jpg,0.0413944,0.2737836,0,20.01301
IMG/center_2017_02_04_02_59_01_157.jpg, IMG/left_2017_02_04_02_59_01_157.jpg, IMG/right_2017_02_04_02_59_01_157.jpg,0.2060034,0.1769547,0,19.75663
IMG/center_2017_02_04_02_59_01_267.jpg, IMG/left_2017_02_04_02_59_01_267.jpg, IMG/right_2017_02_04_02_59_01_267.jpg,0.1866377,0.1769547,0,20.06623
IMG/center_2017_02_04_02_59_01_368.jpg, IMG/left_2017_02_04_02_59_01_368.jpg, IMG/right_2017_02_04_02_59_01_368.jpg,0.157589,0.1769547,0,19.77419
IMG/center_2017_02_04_02_59_01_470.jpg, IMG/left_2017_02_04_02_59_01_470.jpg, IMG/right_2017_02_04_02_59_01_470.jpg,0.157589,0.1769547,0,20.09508
IMG/center_2017_02_04_02_59_01_570.jpg, IMG/left_2017_02_04_02_59_01_570.jpg, IMG/right_2017_02_04_02_59_01_570.jpg,0.1672719,0.1769547,0,19.80125
IMG/center_2017_02_04_02_59_01_671.jpg, IMG/left_2017_02_04_02_59_01_671.jpg, IMG/right_2017_02_04_02_59_01_671.jpg,0.157589,0.1769547,0,20.12134
IMG/center_2017_02_04_02_59_01_774.jpg, IMG/left_2017_02_04_02_59_01_774.jpg, IMG/right_2017_02_04_02_59_01_774.jpg,0.1382232,0.1769547,0,20.13824
IMG/center_2017_02_04_02_59_01_880.jpg, IMG/left_2017_02_04_02_59_01_880.jpg, IMG/right_2017_02_04_02_59_01_880.jpg,0.1285404,0.1769547,0,19.84852
IMG/center_2017_02_04_02_59_01_981.jpg, IMG/left_2017_02_04_02_59_01_981.jpg, IMG/right_2017_02_04_02_59_01_981.jpg,0.1382232,0.1769547,0,20.16607
IMG/center_2017_02_04_02_59_02_082.jpg, IMG/left_2017_02_04_02_59_02_082.jpg, IMG/right_2017_02_04_02_59_02_082.jpg,0.1382232,0.1769547,0,19.87538
IMG/center_2017_02_04_02_59_02_182.jpg, IMG/left_2017_02_04_02_59_02_182.jpg, IMG/right_2017_02_04_02_59_02_182.jpg,0.157589,0.1769547,0,20.18861
IMG/center_2017_02_04_02_59_02_304.jpg, IMG/left_2017_02_04_02_59_02_304.jpg, IMG/right_2017_02_04_02_59_02_304.jpg,0.1769548,0.1769547,0,20.20114
IMG/center_2017_02_04_02_59_02_411.jpg, IMG/left_2017_02_04_02_59_02_411.jpg, IMG/right_2017_02_04_02_59_02_411.jpg,0.1866377,0.1769547,0,19.90907
IMG/center_2017_02_04_02_59_02_515.jpg, IMG/left_2017_02_04_02_59_02_515.jpg, IMG/right_2017_02_04_02_59_02_515.jpg,0.1769548,0.1769547,0,19.92256
IMG/center_2017_02_04_02_59_02_617.jpg, IMG/left_2017_02_04_02_59_02_617.jpg, IMG/right_2017_02_04_02_59_02_617.jpg,0.1769548,0.1769547,0,20.23441
IMG/center_2017_02_04_02_59_02_720.jpg, IMG/left_2017_02_04_02_59_02_720.jpg, IMG/right_2017_02_04_02_59_02_720.jpg,0.1866377,0.1769547,0,19.94629
IMG/center_2017_02_04_02_59_02_824.jpg, IMG/left_2017_02_04_02_59_02_824.jpg, IMG/right_2017_02_04_02_59_02_824.jpg,0.2253692,0.1382232,0,20.24011
IMG/center_2017_02_04_02_59_02_929.jpg, IMG/left_2017_02_04_02_59_02_929.jpg, IMG/right_2017_02_04_02_59_02_929.jpg,0.2544179,0.1382232,0,19.88486
IMG/center_2017_02_04_02_59_03_036.jpg, IMG/left_2017_02_04_02_59_03_036.jpg, IMG/right_2017_02_04_02_59_03_036.jpg,0.2544179,0.1382232,0,19.83632
IMG/center_2017_02_04_02_59_03_147.jpg, IMG/left_2017_02_04_02_59_03_147.jpg, IMG/right_2017_02_04_02_59_03_147.jpg,0.2544179,0.1382232,0,20.11238
IMG/center_2017_02_04_02_59_03_250.jpg, IMG/left_2017_02_04_02_59_03_250.jpg, IMG/right_2017_02_04_02_59_03_250.jpg,0.2834665,0.1285403,0,19.74998
IMG/center_2017_02_04_02_59_03_350.jpg, IMG/left_2017_02_04_02_59_03_350.jpg, IMG/right_2017_02_04_02_59_03_350.jpg,0.2737836,0.1285403,0,20.01552
IMG/center_2017_02_04_02_59_03_451.jpg, IMG/left_2017_02_04_02_59_03_451.jpg, IMG/right_2017_02_04_02_59_03_451.jpg,0.2737836,0.1285403,0,19.63593
IMG/center_2017_02_04_02_59_03_551.jpg, IMG/left_2017_02_04_02_59_03_551.jpg, IMG/right_2017_02_04_02_59_03_551.jpg,0.2641008,0.1285403,0,19.92677
IMG/center_2017_02_04_02_59_03_652.jpg, IMG/left_2017_02_04_02_59_03_652.jpg, IMG/right_2017_02_04_02_59_03_652.jpg,0.2544179,0.1285403,0,19.87395
IMG/center_2017_02_04_02_59_03_763.jpg, IMG/left_2017_02_04_02_59_03_763.jpg, IMG/right_2017_02_04_02_59_03_763.jpg,0.1963205,0.1285403,0,19.48638
IMG/center_2017_02_04_02_59_03_865.jpg, IMG/left_2017_02_04_02_59_03_865.jpg, IMG/right_2017_02_04_02_59_03_865.jpg,0.1866377,0.1285403,0,19.80066
IMG/center_2017_02_04_02_59_03_968.jpg, IMG/left_2017_02_04_02_59_03_968.jpg, IMG/right_2017_02_04_02_59_03_968.jpg,0.1963205,0.1285403,0,19.40251
IMG/center_2017_02_04_02_59_04_071.jpg, IMG/left_2017_02_04_02_59_04_071.jpg, IMG/right_2017_02_04_02_59_04_071.jpg,0.2544179,0.1382232,0,19.72607
IMG/center_2017_02_04_02_59_04_175.jpg, IMG/left_2017_02_04_02_59_04_175.jpg, IMG/right_2017_02_04_02_59_04_175.jpg,0.2737836,0.1285403,0,19.66823
IMG/center_2017_02_04_02_59_04_285.jpg, IMG/left_2017_02_04_02_59_04_285.jpg, IMG/right_2017_02_04_02_59_04_285.jpg,0.2931494,0.1188574,0,19.24455
IMG/center_2017_02_04_02_59_04_397.jpg, IMG/left_2017_02_04_02_59_04_397.jpg, IMG/right_2017_02_04_02_59_04_397.jpg,0.2931494,0.1188574,0,19.17006
IMG/center_2017_02_04_02_59_04_503.jpg, IMG/left_2017_02_04_02_59_04_503.jpg, IMG/right_2017_02_04_02_59_04_503.jpg,0.3028323,0.1188574,0,19.49292
IMG/center_2017_02_04_02_59_04_622.jpg, IMG/left_2017_02_04_02_59_04_622.jpg, IMG/right_2017_02_04_02_59_04_622.jpg,0.3125152,0.1091745,0,19.41971
IMG/center_2017_02_04_02_59_04_725.jpg, IMG/left_2017_02_04_02_59_04_725.jpg, IMG/right_2017_02_04_02_59_04_725.jpg,0.3125152,0.09949163,0,18.94607
IMG/center_2017_02_04_02_59_04_833.jpg, IMG/left_2017_02_04_02_59_04_833.jpg, IMG/right_2017_02_04_02_59_04_833.jpg,0.3125152,0.1091745,0,18.8651
IMG/center_2017_02_04_02_59_04_938.jpg, IMG/left_2017_02_04_02_59_04_938.jpg, IMG/right_2017_02_04_02_59_04_938.jpg,0.3028323,0.1091745,0,19.20181
IMG/center_2017_02_04_02_59_05_053.jpg, IMG/left_2017_02_04_02_59_05_053.jpg, IMG/right_2017_02_04_02_59_05_053.jpg,0.1769548,0.1285403,0,19.15
IMG/center_2017_02_04_02_59_05_166.jpg, IMG/left_2017_02_04_02_59_05_166.jpg, IMG/right_2017_02_04_02_59_05_166.jpg,0.1769548,0.1382232,0,18.72814
IMG/center_2017_02_04_02_59_05_266.jpg, IMG/left_2017_02_04_02_59_05_266.jpg, IMG/right_2017_02_04_02_59_05_266.jpg,0.1769548,0.1382232,0,19.10819
IMG/center_2017_02_04_02_59_05_377.jpg, IMG/left_2017_02_04_02_59_05_377.jpg, IMG/right_2017_02_04_02_59_05_377.jpg,0.1672719,0.1479061,0,19.09276
IMG/center_2017_02_04_02_59_05_504.jpg, IMG/left_2017_02_04_02_59_05_504.jpg, IMG/right_2017_02_04_02_59_05_504.jpg,0.1769548,0.1382232,0,19.06643
IMG/center_2017_02_04_02_59_05_609.jpg, IMG/left_2017_02_04_02_59_05_609.jpg, IMG/right_2017_02_04_02_59_05_609.jpg,0.1672719,0.1479061,0,18.649
IMG/center_2017_02_04_02_59_05_711.jpg, IMG/left_2017_02_04_02_59_05_711.jpg, IMG/right_2017_02_04_02_59_05_711.jpg,0.1769548,0.1479061,0,19.04337
IMG/center_2017_02_04_02_59_05_814.jpg, IMG/left_2017_02_04_02_59_05_814.jpg, IMG/right_2017_02_04_02_59_05_814.jpg,0.1769548,0.1382232,0,19.03041
IMG/center_2017_02_04_02_59_05_917.jpg, IMG/left_2017_02_04_02_59_05_917.jpg, IMG/right_2017_02_04_02_59_05_917.jpg,0.1769548,0.1382232,0,18.5936
IMG/center_2017_02_04_02_59_06_032.jpg, IMG/left_2017_02_04_02_59_06_032.jpg, IMG/right_2017_02_04_02_59_06_032.jpg,0.1672719,0.1479061,0,18.58121
IMG/center_2017_02_04_02_59_06_139.jpg, IMG/left_2017_02_04_02_59_06_139.jpg, IMG/right_2017_02_04_02_59_06_139.jpg,0.1188575,0.1575889,0,18.98801
IMG/center_2017_02_04_02_59_06_250.jpg, IMG/left_2017_02_04_02_59_06_250.jpg, IMG/right_2017_02_04_02_59_06_250.jpg,0.03171151,0.2060034,0,18.61229
IMG/center_2017_02_04_02_59_06_361.jpg, IMG/left_2017_02_04_02_59_06_361.jpg, IMG/right_2017_02_04_02_59_06_361.jpg,0,0.2641007,0,18.76437
IMG/center_2017_02_04_02_59_06_475.jpg, IMG/left_2017_02_04_02_59_06_475.jpg, IMG/right_2017_02_04_02_59_06_475.jpg,0,0.2737836,0,18.93673
IMG/center_2017_02_04_02_59_06_578.jpg, IMG/left_2017_02_04_02_59_06_578.jpg, IMG/right_2017_02_04_02_59_06_578.jpg,0,0.2737836,0,19.42126
IMG/center_2017_02_04_02_59_06_681.jpg, IMG/left_2017_02_04_02_59_06_681.jpg, IMG/right_2017_02_04_02_59_06_681.jpg,0,0.2737836,0,19.22984
IMG/center_2017_02_04_02_59_06_783.jpg, IMG/left_2017_02_04_02_59_06_783.jpg, IMG/right_2017_02_04_02_59_06_783.jpg,0.02202863,0.2737836,0,19.68641
IMG/center_2017_02_04_02_59_06_885.jpg, IMG/left_2017_02_04_02_59_06_885.jpg, IMG/right_2017_02_04_02_59_06_885.jpg,0.03171151,0.2737836,0,19.50793
IMG/center_2017_02_04_02_59_06_998.jpg, IMG/left_2017_02_04_02_59_06_998.jpg, IMG/right_2017_02_04_02_59_06_998.jpg,0.03171151,0.2641007,0,19.66658
IMG/center_2017_02_04_02_59_07_102.jpg, IMG/left_2017_02_04_02_59_07_102.jpg, IMG/right_2017_02_04_02_59_07_102.jpg,0.03171151,0.2641007,0,20.08386
IMG/center_2017_02_04_02_59_07_218.jpg, IMG/left_2017_02_04_02_59_07_218.jpg, IMG/right_2017_02_04_02_59_07_218.jpg,0.03171151,0.2737836,0,20.22825
IMG/center_2017_02_04_02_59_07_326.jpg, IMG/left_2017_02_04_02_59_07_326.jpg, IMG/right_2017_02_04_02_59_07_326.jpg,0.03171151,0.2737836,0,20.07615
IMG/center_2017_02_04_02_59_07_430.jpg, IMG/left_2017_02_04_02_59_07_430.jpg, IMG/right_2017_02_04_02_59_07_430.jpg,0.1188575,0.1769547,0,20.41283
IMG/center_2017_02_04_02_59_07_538.jpg, IMG/left_2017_02_04_02_59_07_538.jpg, IMG/right_2017_02_04_02_59_07_538.jpg,0.1479061,0.1382232,0,20.40071
IMG/center_2017_02_04_02_59_07_639.jpg, IMG/left_2017_02_04_02_59_07_639.jpg, IMG/right_2017_02_04_02_59_07_639.jpg,0.157589,0.1188574,0,20.0469
IMG/center_2017_02_04_02_59_07_740.jpg, IMG/left_2017_02_04_02_59_07_740.jpg, IMG/right_2017_02_04_02_59_07_740.jpg,0.1672719,0.09949163,0,20.27291
IMG/center_2017_02_04_02_59_07_842.jpg, IMG/left_2017_02_04_02_59_07_842.jpg, IMG/right_2017_02_04_02_59_07_842.jpg,0.02202863,0.01234567,0,19.85708
IMG/center_2017_02_04_02_59_07_952.jpg, IMG/left_2017_02_04_02_59_07_952.jpg, IMG/right_2017_02_04_02_59_07_952.jpg,0,0,0,19.59208
IMG/center_2017_02_04_02_59_08_056.jpg, IMG/left_2017_02_04_02_59_08_056.jpg, IMG/right_2017_02_04_02_59_08_056.jpg,0,0,0,19.75341
IMG/center_2017_02_04_02_59_08_156.jpg, IMG/left_2017_02_04_02_59_08_156.jpg, IMG/right_2017_02_04_02_59_08_156.jpg,0,0,0,19.16816
IMG/center_2017_02_04_02_59_08_281.jpg, IMG/left_2017_02_04_02_59_08_281.jpg, IMG/right_2017_02_04_02_59_08_281.jpg,0.02202863,0,0,18.91215
IMG/center_2017_02_04_02_59_08_382.jpg, IMG/left_2017_02_04_02_59_08_382.jpg, IMG/right_2017_02_04_02_59_08_382.jpg,0.02202863,0,0,19.16676
IMG/center_2017_02_04_02_59_08_484.jpg, IMG/left_2017_02_04_02_59_08_484.jpg, IMG/right_2017_02_04_02_59_08_484.jpg,0.03171151,0,0,18.50242
IMG/center_2017_02_04_02_59_08_598.jpg, IMG/left_2017_02_04_02_59_08_598.jpg, IMG/right_2017_02_04_02_59_08_598.jpg,0.02202863,0,0,18.26797
IMG/center_2017_02_04_02_59_08_698.jpg, IMG/left_2017_02_04_02_59_08_698.jpg, IMG/right_2017_02_04_02_59_08_698.jpg,0.02202863,0,0,18.57533
IMG/center_2017_02_04_02_59_08_801.jpg, IMG/left_2017_02_04_02_59_08_801.jpg, IMG/right_2017_02_04_02_59_08_801.jpg,0.02202863,0,0,17.88642
IMG/center_2017_02_04_02_59_08_905.jpg, IMG/left_2017_02_04_02_59_08_905.jpg, IMG/right_2017_02_04_02_59_08_905.jpg,0.03171151,0,0,18.21195
IMG/center_2017_02_04_02_59_09_011.jpg, IMG/left_2017_02_04_02_59_09_011.jpg, IMG/right_2017_02_04_02_59_09_011.jpg,0.02202863,0,0,17.51384
IMG/center_2017_02_04_02_59_09_114.jpg, IMG/left_2017_02_04_02_59_09_114.jpg, IMG/right_2017_02_04_02_59_09_114.jpg,0.02202863,0,0,17.29475
IMG/center_2017_02_04_02_59_09_222.jpg, IMG/left_2017_02_04_02_59_09_222.jpg, IMG/right_2017_02_04_02_59_09_222.jpg,0.02202863,0,0,17.644
IMG/center_2017_02_04_02_59_09_333.jpg, IMG/left_2017_02_04_02_59_09_333.jpg, IMG/right_2017_02_04_02_59_09_333.jpg,0.02202863,0,0,17.4354
IMG/center_2017_02_04_02_59_09_438.jpg, IMG/left_2017_02_04_02_59_09_438.jpg, IMG/right_2017_02_04_02_59_09_438.jpg,0.02202863,0,0,16.72507
IMG/center_2017_02_04_02_59_09_546.jpg, IMG/left_2017_02_04_02_59_09_546.jpg, IMG/right_2017_02_04_02_59_09_546.jpg,0.05107728,0,0,17.09272
IMG/center_2017_02_04_02_59_09_648.jpg, IMG/left_2017_02_04_02_59_09_648.jpg, IMG/right_2017_02_04_02_59_09_648.jpg,0.06076016,0,0,16.37947
IMG/center_2017_02_04_02_59_09_758.jpg, IMG/left_2017_02_04_02_59_09_758.jpg, IMG/right_2017_02_04_02_59_09_758.jpg,0.06076016,0,0,16.17673
IMG/center_2017_02_04_02_59_09_864.jpg, IMG/left_2017_02_04_02_59_09_864.jpg, IMG/right_2017_02_04_02_59_09_864.jpg,0.06076016,0,0,16.56055
IMG/center_2017_02_04_02_59_09_964.jpg, IMG/left_2017_02_04_02_59_09_964.jpg, IMG/right_2017_02_04_02_59_09_964.jpg,0.05107728,0,0,15.85182
IMG/center_2017_02_04_02_59_10_080.jpg, IMG/left_2017_02_04_02_59_10_080.jpg, IMG/right_2017_02_04_02_59_10_080.jpg,0.06076016,0,0,15.66989
IMG/center_2017_02_04_02_59_10_186.jpg, IMG/left_2017_02_04_02_59_10_186.jpg, IMG/right_2017_02_04_02_59_10_186.jpg,0.0413944,0,0,16.05949
IMG/center_2017_02_04_02_59_10_307.jpg, IMG/left_2017_02_04_02_59_10_307.jpg, IMG/right_2017_02_04_02_59_10_307.jpg,0,0,0,15.87379
IMG/center_2017_02_04_02_59_10_407.jpg, IMG/left_2017_02_04_02_59_10_407.jpg, IMG/right_2017_02_04_02_59_10_407.jpg,0,0,0,15.19508
IMG/center_2017_02_04_02_59_49_105.jpg, IMG/left_2017_02_04_02_59_49_105.jpg, IMG/right_2017_02_04_02_59_49_105.jpg,0,0,0,0.9052511
IMG/center_2017_02_04_02_59_49_206.jpg, IMG/left_2017_02_04_02_59_49_206.jpg, IMG/right_2017_02_04_02_59_49_206.jpg,0,0,0,0.8961681
IMG/center_2017_02_04_02_59_49_311.jpg, IMG/left_2017_02_04_02_59_49_311.jpg, IMG/right_2017_02_04_02_59_49_311.jpg,0,0,0,0.8871763
IMG/center_2017_02_04_02_59_49_413.jpg, IMG/left_2017_02_04_02_59_49_413.jpg, IMG/right_2017_02_04_02_59_49_413.jpg,0,0,0,0.8765051
IMG/center_2017_02_04_02_59_49_513.jpg, IMG/left_2017_02_04_02_59_49_513.jpg, IMG/right_2017_02_04_02_59_49_513.jpg,0,0,0,0.8677106
IMG/center_2017_02_04_02_59_49_617.jpg, IMG/left_2017_02_04_02_59_49_617.jpg, IMG/right_2017_02_04_02_59_49_617.jpg,0,0,0,0.8590044
IMG/center_2017_02_04_02_59_49_722.jpg, IMG/left_2017_02_04_02_59_49_722.jpg, IMG/right_2017_02_04_02_59_49_722.jpg,0,0,0,0.8503855
IMG/center_2017_02_04_02_59_49_822.jpg, IMG/left_2017_02_04_02_59_49_822.jpg, IMG/right_2017_02_04_02_59_49_822.jpg,0,0,0,0.841853
IMG/center_2017_02_04_02_59_49_926.jpg, IMG/left_2017_02_04_02_59_49_926.jpg, IMG/right_2017_02_04_02_59_49_926.jpg,0,0,0,0.8334063
IMG/center_2017_02_04_02_59_50_029.jpg, IMG/left_2017_02_04_02_59_50_029.jpg, IMG/right_2017_02_04_02_59_50_029.jpg,0,0,0,0.8250443
IMG/center_2017_02_04_02_59_50_132.jpg, IMG/left_2017_02_04_02_59_50_132.jpg, IMG/right_2017_02_04_02_59_50_132.jpg,0,0,0,0.8151206
IMG/center_2017_02_04_02_59_50_245.jpg, IMG/left_2017_02_04_02_59_50_245.jpg, IMG/right_2017_02_04_02_59_50_245.jpg,0,0,0,0.806942
IMG/center_2017_02_04_02_59_50_346.jpg, IMG/left_2017_02_04_02_59_50_346.jpg, IMG/right_2017_02_04_02_59_50_346.jpg,0,0.1769547,0,0.9173504
IMG/center_2017_02_04_02_59_50_455.jpg, IMG/left_2017_02_04_02_59_50_455.jpg, IMG/right_2017_02_04_02_59_50_455.jpg,0,0.2834665,0,1.159213
IMG/center_2017_02_04_02_59_50_559.jpg, IMG/left_2017_02_04_02_59_50_559.jpg, IMG/right_2017_02_04_02_59_50_559.jpg,0,0.4190269,0,1.640261
IMG/center_2017_02_04_02_59_50_662.jpg, IMG/left_2017_02_04_02_59_50_662.jpg, IMG/right_2017_02_04_02_59_50_662.jpg,0,0.4190269,0,2.138099
IMG/center_2017_02_04_02_59_50_766.jpg, IMG/left_2017_02_04_02_59_50_766.jpg, IMG/right_2017_02_04_02_59_50_766.jpg,0,0.4190269,0,2.6505
IMG/center_2017_02_04_02_59_50_868.jpg, IMG/left_2017_02_04_02_59_50_868.jpg, IMG/right_2017_02_04_02_59_50_868.jpg,0,0.4190269,0,3.135463
IMG/center_2017_02_04_02_59_50_973.jpg, IMG/left_2017_02_04_02_59_50_973.jpg, IMG/right_2017_02_04_02_59_50_973.jpg,0,0.4190269,0,3.697328
IMG/center_2017_02_04_02_59_51_078.jpg, IMG/left_2017_02_04_02_59_51_078.jpg, IMG/right_2017_02_04_02_59_51_078.jpg,0,0.4190269,0,4.157276
IMG/center_2017_02_04_02_59_51_197.jpg, IMG/left_2017_02_04_02_59_51_197.jpg, IMG/right_2017_02_04_02_59_51_197.jpg,0,0.4190269,0,4.714979
IMG/center_2017_02_04_02_59_51_299.jpg, IMG/left_2017_02_04_02_59_51_299.jpg, IMG/right_2017_02_04_02_59_51_299.jpg,0,0.409344,0,5.163776
IMG/center_2017_02_04_02_59_51_401.jpg, IMG/left_2017_02_04_02_59_51_401.jpg, IMG/right_2017_02_04_02_59_51_401.jpg,0,0.409344,0,5.607901
IMG/center_2017_02_04_02_59_51_512.jpg, IMG/left_2017_02_04_02_59_51_512.jpg, IMG/right_2017_02_04_02_59_51_512.jpg,0,0.4190269,0,6.14396
IMG/center_2017_02_04_02_59_51_614.jpg, IMG/left_2017_02_04_02_59_51_614.jpg, IMG/right_2017_02_04_02_59_51_614.jpg,0,0.409344,0,6.585908
IMG/center_2017_02_04_02_59_51_716.jpg, IMG/left_2017_02_04_02_59_51_716.jpg, IMG/right_2017_02_04_02_59_51_716.jpg,0,0.409344,0,7.015908
IMG/center_2017_02_04_02_59_51_819.jpg, IMG/left_2017_02_04_02_59_51_819.jpg, IMG/right_2017_02_04_02_59_51_819.jpg,0,0.409344,0,7.44161
IMG/center_2017_02_04_02_59_51_921.jpg, IMG/left_2017_02_04_02_59_51_921.jpg, IMG/right_2017_02_04_02_59_51_921.jpg,0,0.4190269,0,7.874157
IMG/center_2017_02_04_02_59_52_023.jpg, IMG/left_2017_02_04_02_59_52_023.jpg, IMG/right_2017_02_04_02_59_52_023.jpg,0,0.409344,0,8.294231
IMG/center_2017_02_04_02_59_52_126.jpg, IMG/left_2017_02_04_02_59_52_126.jpg, IMG/right_2017_02_04_02_59_52_126.jpg,0,0.409344,0,8.70714
IMG/center_2017_02_04_02_59_52_229.jpg, IMG/left_2017_02_04_02_59_52_229.jpg, IMG/right_2017_02_04_02_59_52_229.jpg,0,0.4190269,0,9.117559
IMG/center_2017_02_04_02_59_52_341.jpg, IMG/left_2017_02_04_02_59_52_341.jpg, IMG/right_2017_02_04_02_59_52_341.jpg,0,0.4190269,0,9.616698
IMG/center_2017_02_04_02_59_52_454.jpg, IMG/left_2017_02_04_02_59_52_454.jpg, IMG/right_2017_02_04_02_59_52_454.jpg,0,0.409344,0,10.09655
IMG/center_2017_02_04_02_59_52_554.jpg, IMG/left_2017_02_04_02_59_52_554.jpg, IMG/right_2017_02_04_02_59_52_554.jpg,0,0.409344,0,10.49142
IMG/center_2017_02_04_02_59_52_656.jpg, IMG/left_2017_02_04_02_59_52_656.jpg, IMG/right_2017_02_04_02_59_52_656.jpg,0,0.4190269,0,10.8909
IMG/center_2017_02_04_02_59_52_758.jpg, IMG/left_2017_02_04_02_59_52_758.jpg, IMG/right_2017_02_04_02_59_52_758.jpg,0,0.409344,0,11.33069
IMG/center_2017_02_04_02_59_52_860.jpg, IMG/left_2017_02_04_02_59_52_860.jpg, IMG/right_2017_02_04_02_59_52_860.jpg,0,0.409344,0,11.84939
IMG/center_2017_02_04_02_59_52_963.jpg, IMG/left_2017_02_04_02_59_52_963.jpg, IMG/right_2017_02_04_02_59_52_963.jpg,0,0.409344,0,11.77581
IMG/center_2017_02_04_02_59_53_077.jpg, IMG/left_2017_02_04_02_59_53_077.jpg, IMG/right_2017_02_04_02_59_53_077.jpg,0,0.4190269,0,12.48899
IMG/center_2017_02_04_02_59_53_192.jpg, IMG/left_2017_02_04_02_59_53_192.jpg, IMG/right_2017_02_04_02_59_53_192.jpg,0,0.409344,0,12.89371
IMG/center_2017_02_04_02_59_53_300.jpg, IMG/left_2017_02_04_02_59_53_300.jpg, IMG/right_2017_02_04_02_59_53_300.jpg,0,0.409344,0,13.34378
IMG/center_2017_02_04_02_59_53_401.jpg, IMG/left_2017_02_04_02_59_53_401.jpg, IMG/right_2017_02_04_02_59_53_401.jpg,0,0.4190269,0,13.43617
IMG/center_2017_02_04_02_59_53_504.jpg, IMG/left_2017_02_04_02_59_53_504.jpg, IMG/right_2017_02_04_02_59_53_504.jpg,0,0.4190269,0,14.14228
IMG/center_2017_02_04_02_59_53_604.jpg, IMG/left_2017_02_04_02_59_53_604.jpg, IMG/right_2017_02_04_02_59_53_604.jpg,0,0.409344,0,14.32032
IMG/center_2017_02_04_02_59_53_705.jpg, IMG/left_2017_02_04_02_59_53_705.jpg, IMG/right_2017_02_04_02_59_53_705.jpg,0,0.409344,0,14.86494
IMG/center_2017_02_04_02_59_53_807.jpg, IMG/left_2017_02_04_02_59_53_807.jpg, IMG/right_2017_02_04_02_59_53_807.jpg,0,0.4190269,0,15.00121
IMG/center_2017_02_04_02_59_53_920.jpg, IMG/left_2017_02_04_02_59_53_920.jpg, IMG/right_2017_02_04_02_59_53_920.jpg,0.05107728,0.3609295,0,15.39557
IMG/center_2017_02_04_02_59_54_023.jpg, IMG/left_2017_02_04_02_59_54_023.jpg, IMG/right_2017_02_04_02_59_54_023.jpg,0.09949171,0.322198,0,15.79904
IMG/center_2017_02_04_02_59_54_126.jpg, IMG/left_2017_02_04_02_59_54_126.jpg, IMG/right_2017_02_04_02_59_54_126.jpg,0.0413944,0.322198,0,15.81379
IMG/center_2017_02_04_02_59_54_228.jpg, IMG/left_2017_02_04_02_59_54_228.jpg, IMG/right_2017_02_04_02_59_54_228.jpg,0.0413944,0.322198,0,16.2885
IMG/center_2017_02_04_02_59_54_330.jpg, IMG/left_2017_02_04_02_59_54_330.jpg, IMG/right_2017_02_04_02_59_54_330.jpg,0.0413944,0.322198,0,16.36698
IMG/center_2017_02_04_02_59_54_432.jpg, IMG/left_2017_02_04_02_59_54_432.jpg, IMG/right_2017_02_04_02_59_54_432.jpg,0,0.322198,0,16.57875
IMG/center_2017_02_04_02_59_54_534.jpg, IMG/left_2017_02_04_02_59_54_534.jpg, IMG/right_2017_02_04_02_59_54_534.jpg,0,0.3318809,0,16.99902
IMG/center_2017_02_04_02_59_54_637.jpg, IMG/left_2017_02_04_02_59_54_637.jpg, IMG/right_2017_02_04_02_59_54_637.jpg,0,0.322198,0,17.10151
IMG/center_2017_02_04_02_59_54_738.jpg, IMG/left_2017_02_04_02_59_54_738.jpg, IMG/right_2017_02_04_02_59_54_738.jpg,0,0.322198,0,17.42963
IMG/center_2017_02_04_02_59_54_852.jpg, IMG/left_2017_02_04_02_59_54_852.jpg, IMG/right_2017_02_04_02_59_54_852.jpg,0,0.322198,0,17.68283
IMG/center_2017_02_04_02_59_54_967.jpg, IMG/left_2017_02_04_02_59_54_967.jpg, IMG/right_2017_02_04_02_59_54_967.jpg,0.02202863,0.3318809,0,17.81345
IMG/center_2017_02_04_02_59_55_068.jpg, IMG/left_2017_02_04_02_59_55_068.jpg, IMG/right_2017_02_04_02_59_55_068.jpg,0.0413944,0.322198,0,18.09368
IMG/center_2017_02_04_02_59_55_170.jpg, IMG/left_2017_02_04_02_59_55_170.jpg, IMG/right_2017_02_04_02_59_55_170.jpg,0.0413944,0.322198,0,18.25214
IMG/center_2017_02_04_02_59_55_275.jpg, IMG/left_2017_02_04_02_59_55_275.jpg, IMG/right_2017_02_04_02_59_55_275.jpg,0.06076016,0.322198,0,18.51398
IMG/center_2017_02_04_02_59_55_378.jpg, IMG/left_2017_02_04_02_59_55_378.jpg, IMG/right_2017_02_04_02_59_55_378.jpg,0.08980883,0.3125151,0,18.71958
IMG/center_2017_02_04_02_59_55_479.jpg, IMG/left_2017_02_04_02_59_55_479.jpg, IMG/right_2017_02_04_02_59_55_479.jpg,0.08980883,0.3125151,0,18.90886
IMG/center_2017_02_04_02_59_55_583.jpg, IMG/left_2017_02_04_02_59_55_583.jpg, IMG/right_2017_02_04_02_59_55_583.jpg,0.1382232,0.2834665,0,19.06639
IMG/center_2017_02_04_02_59_55_686.jpg, IMG/left_2017_02_04_02_59_55_686.jpg, IMG/right_2017_02_04_02_59_55_686.jpg,0.1382232,0.2737836,0,19.22
IMG/center_2017_02_04_02_59_55_789.jpg, IMG/left_2017_02_04_02_59_55_789.jpg, IMG/right_2017_02_04_02_59_55_789.jpg,0.06076016,0.2737836,0,19.35104
IMG/center_2017_02_04_02_59_55_889.jpg, IMG/left_2017_02_04_02_59_55_889.jpg, IMG/right_2017_02_04_02_59_55_889.jpg,0.05107728,0.2737836,0,19.5028
IMG/center_2017_02_04_02_59_55_995.jpg, IMG/left_2017_02_04_02_59_55_995.jpg, IMG/right_2017_02_04_02_59_55_995.jpg,0.0413944,0.2737836,0,19.66752
IMG/center_2017_02_04_02_59_56_104.jpg, IMG/left_2017_02_04_02_59_56_104.jpg, IMG/right_2017_02_04_02_59_56_104.jpg,0.0413944,0.2834665,0,19.80488
IMG/center_2017_02_04_02_59_56_220.jpg, IMG/left_2017_02_04_02_59_56_220.jpg, IMG/right_2017_02_04_02_59_56_220.jpg,0.0413944,0.2834665,0,19.97981
IMG/center_2017_02_04_02_59_56_321.jpg, IMG/left_2017_02_04_02_59_56_321.jpg, IMG/right_2017_02_04_02_59_56_321.jpg,0.1285404,0.2834665,0,20.12408
IMG/center_2017_02_04_02_59_56_423.jpg, IMG/left_2017_02_04_02_59_56_423.jpg, IMG/right_2017_02_04_02_59_56_423.jpg,0.1479061,0.2737836,0,20.24074
IMG/center_2017_02_04_02_59_56_528.jpg, IMG/left_2017_02_04_02_59_56_528.jpg, IMG/right_2017_02_04_02_59_56_528.jpg,0.1382232,0.2737836,0,20.37675
IMG/center_2017_02_04_02_59_56_635.jpg, IMG/left_2017_02_04_02_59_56_635.jpg, IMG/right_2017_02_04_02_59_56_635.jpg,0.1382232,0.2737836,0,20.53061
IMG/center_2017_02_04_02_59_56_736.jpg, IMG/left_2017_02_04_02_59_56_736.jpg, IMG/right_2017_02_04_02_59_56_736.jpg,0.1382232,0.2737836,0,20.6378
IMG/center_2017_02_04_02_59_56_837.jpg, IMG/left_2017_02_04_02_59_56_837.jpg, IMG/right_2017_02_04_02_59_56_837.jpg,0.1382232,0.2737836,0,20.7837
IMG/center_2017_02_04_02_59_56_938.jpg, IMG/left_2017_02_04_02_59_56_938.jpg, IMG/right_2017_02_04_02_59_56_938.jpg,0.1188575,0.2737836,0,20.88427
IMG/center_2017_02_04_02_59_57_039.jpg, IMG/left_2017_02_04_02_59_57_039.jpg, IMG/right_2017_02_04_02_59_57_039.jpg,0.1188575,0.2737836,0,21.0312
IMG/center_2017_02_04_02_59_57_172.jpg, IMG/left_2017_02_04_02_59_57_172.jpg, IMG/right_2017_02_04_02_59_57_172.jpg,0.1188575,0.2737836,0,21.17903
IMG/center_2017_02_04_02_59_57_273.jpg, IMG/left_2017_02_04_02_59_57_273.jpg, IMG/right_2017_02_04_02_59_57_273.jpg,0.1188575,0.2737836,0,21.31971
IMG/center_2017_02_04_02_59_57_373.jpg, IMG/left_2017_02_04_02_59_57_373.jpg, IMG/right_2017_02_04_02_59_57_373.jpg,0.1188575,0.2737836,0,21.4157
IMG/center_2017_02_04_02_59_57_477.jpg, IMG/left_2017_02_04_02_59_57_477.jpg, IMG/right_2017_02_04_02_59_57_477.jpg,0.1188575,0.2737836,0,21.5578
IMG/center_2017_02_04_02_59_57_578.jpg, IMG/left_2017_02_04_02_59_57_578.jpg, IMG/right_2017_02_04_02_59_57_578.jpg,0.1285404,0.2737836,0,21.64207
IMG/center_2017_02_04_02_59_57_693.jpg, IMG/left_2017_02_04_02_59_57_693.jpg, IMG/right_2017_02_04_02_59_57_693.jpg,0.1672719,0.2737836,0,21.78012
IMG/center_2017_02_04_02_59_57_802.jpg, IMG/left_2017_02_04_02_59_57_802.jpg, IMG/right_2017_02_04_02_59_57_802.jpg,0.1866377,0.2447349,0,21.92186
IMG/center_2017_02_04_02_59_57_902.jpg, IMG/left_2017_02_04_02_59_57_902.jpg, IMG/right_2017_02_04_02_59_57_902.jpg,0.1963205,0.2447349,0,21.94143
IMG/center_2017_02_04_02_59_58_004.jpg, IMG/left_2017_02_04_02_59_58_004.jpg, IMG/right_2017_02_04_02_59_58_004.jpg,0.2156863,0.2253691,0,22.06097
IMG/center_2017_02_04_02_59_58_107.jpg, IMG/left_2017_02_04_02_59_58_107.jpg, IMG/right_2017_02_04_02_59_58_107.jpg,0.2350521,0.2253691,0,22.02807
IMG/center_2017_02_04_02_59_58_207.jpg, IMG/left_2017_02_04_02_59_58_207.jpg, IMG/right_2017_02_04_02_59_58_207.jpg,0.2834665,0.2060034,0,22.14172
IMG/center_2017_02_04_02_59_58_318.jpg, IMG/left_2017_02_04_02_59_58_318.jpg, IMG/right_2017_02_04_02_59_58_318.jpg,0.2834665,0.2060034,0,22.16936
IMG/center_2017_02_04_02_59_58_420.jpg, IMG/left_2017_02_04_02_59_58_420.jpg, IMG/right_2017_02_04_02_59_58_420.jpg,0.2931494,0.1963205,0,22.05653
IMG/center_2017_02_04_02_59_58_522.jpg, IMG/left_2017_02_04_02_59_58_522.jpg, IMG/right_2017_02_04_02_59_58_522.jpg,0.3125152,0.1672718,0,22.15912
IMG/center_2017_02_04_02_59_58_634.jpg, IMG/left_2017_02_04_02_59_58_634.jpg, IMG/right_2017_02_04_02_59_58_634.jpg,0.3125152,0.1672718,0,22.12819
IMG/center_2017_02_04_02_59_58_735.jpg, IMG/left_2017_02_04_02_59_58_735.jpg, IMG/right_2017_02_04_02_59_58_735.jpg,0.2544179,0.1769547,0,21.98055
IMG/center_2017_02_04_02_59_58_836.jpg, IMG/left_2017_02_04_02_59_58_836.jpg, IMG/right_2017_02_04_02_59_58_836.jpg,0.244735,0.1769547,0,22.10765
IMG/center_2017_02_04_02_59_58_948.jpg, IMG/left_2017_02_04_02_59_58_948.jpg, IMG/right_2017_02_04_02_59_58_948.jpg,0.2544179,0.1769547,0,21.96667
IMG/center_2017_02_04_02_59_59_053.jpg, IMG/left_2017_02_04_02_59_59_053.jpg, IMG/right_2017_02_04_02_59_59_053.jpg,0.2544179,0.1769547,0,21.95638
IMG/center_2017_02_04_02_59_59_157.jpg, IMG/left_2017_02_04_02_59_59_157.jpg, IMG/right_2017_02_04_02_59_59_157.jpg,0.2544179,0.1769547,0,22.08343
IMG/center_2017_02_04_02_59_59_264.jpg, IMG/left_2017_02_04_02_59_59_264.jpg, IMG/right_2017_02_04_02_59_59_264.jpg,0.2834665,0.1769547,0,21.93666
IMG/center_2017_02_04_02_59_59_369.jpg, IMG/left_2017_02_04_02_59_59_369.jpg, IMG/right_2017_02_04_02_59_59_369.jpg,0.2931494,0.1769547,0,22.05461
IMG/center_2017_02_04_02_59_59_472.jpg, IMG/left_2017_02_04_02_59_59_472.jpg, IMG/right_2017_02_04_02_59_59_472.jpg,0.2931494,0.1769547,0,22.03726
IMG/center_2017_02_04_02_59_59_575.jpg, IMG/left_2017_02_04_02_59_59_575.jpg, IMG/right_2017_02_04_02_59_59_575.jpg,0.2931494,0.1769547,0,21.89255
IMG/center_2017_02_04_02_59_59_677.jpg, IMG/left_2017_02_04_02_59_59_677.jpg, IMG/right_2017_02_04_02_59_59_677.jpg,0.1963205,0.1963205,0,22.04209
IMG/center_2017_02_04_02_59_59_784.jpg, IMG/left_2017_02_04_02_59_59_784.jpg, IMG/right_2017_02_04_02_59_59_784.jpg,0.1963205,0.2060034,0,21.94528
IMG/center_2017_02_04_02_59_59_885.jpg, IMG/left_2017_02_04_02_59_59_885.jpg, IMG/right_2017_02_04_02_59_59_885.jpg,0.1963205,0.2060034,0,22.11127
IMG/center_2017_02_04_02_59_59_995.jpg, IMG/left_2017_02_04_02_59_59_995.jpg, IMG/right_2017_02_04_02_59_59_995.jpg,0.1866377,0.2156862,0,22.15861
IMG/center_2017_02_04_03_00_00_107.jpg, IMG/left_2017_02_04_03_00_00_107.jpg, IMG/right_2017_02_04_03_00_00_107.jpg,0.1866377,0.2156862,0,22.07082
IMG/center_2017_02_04_03_00_00_212.jpg, IMG/left_2017_02_04_03_00_00_212.jpg, IMG/right_2017_02_04_03_00_00_212.jpg,0.1963205,0.2060034,0,22.10433
IMG/center_2017_02_04_03_00_00_319.jpg, IMG/left_2017_02_04_03_00_00_319.jpg, IMG/right_2017_02_04_03_00_00_319.jpg,0.1963205,0.2156862,0,22.26526
IMG/center_2017_02_04_03_00_00_425.jpg, IMG/left_2017_02_04_03_00_00_425.jpg, IMG/right_2017_02_04_03_00_00_425.jpg,0.2156863,0.2156862,0,22.17233
IMG/center_2017_02_04_03_00_00_529.jpg, IMG/left_2017_02_04_03_00_00_529.jpg, IMG/right_2017_02_04_03_00_00_529.jpg,0.2060034,0.2060034,0,22.32868
IMG/center_2017_02_04_03_00_00_637.jpg, IMG/left_2017_02_04_03_00_00_637.jpg, IMG/right_2017_02_04_03_00_00_637.jpg,0.1866377,0.2253691,0,22.3735
IMG/center_2017_02_04_03_00_00_745.jpg, IMG/left_2017_02_04_03_00_00_745.jpg, IMG/right_2017_02_04_03_00_00_745.jpg,0.1866377,0.235052,0,22.30756
IMG/center_2017_02_04_03_00_00_850.jpg, IMG/left_2017_02_04_03_00_00_850.jpg, IMG/right_2017_02_04_03_00_00_850.jpg,0.1672719,0.2544178,0,22.49639
IMG/center_2017_02_04_03_00_00_958.jpg, IMG/left_2017_02_04_03_00_00_958.jpg, IMG/right_2017_02_04_03_00_00_958.jpg,0.1091746,0.2834665,0,22.61619
IMG/center_2017_02_04_03_00_01_060.jpg, IMG/left_2017_02_04_03_00_01_060.jpg, IMG/right_2017_02_04_03_00_01_060.jpg,0.03171151,0.322198,0,22.66252
IMG/center_2017_02_04_03_00_01_164.jpg, IMG/left_2017_02_04_03_00_01_164.jpg, IMG/right_2017_02_04_03_00_01_164.jpg,0.02202863,0.3318809,0,22.92302
IMG/center_2017_02_04_03_00_01_265.jpg, IMG/left_2017_02_04_03_00_01_265.jpg, IMG/right_2017_02_04_03_00_01_265.jpg,0.01234574,0.3318809,0,23.02257
IMG/center_2017_02_04_03_00_01_370.jpg, IMG/left_2017_02_04_03_00_01_370.jpg, IMG/right_2017_02_04_03_00_01_370.jpg,0.02202863,0.322198,0,23.24661
IMG/center_2017_02_04_03_00_01_475.jpg, IMG/left_2017_02_04_03_00_01_475.jpg, IMG/right_2017_02_04_03_00_01_475.jpg,0.02202863,0.2834665,0,23.39819
IMG/center_2017_02_04_03_00_01_577.jpg, IMG/left_2017_02_04_03_00_01_577.jpg, IMG/right_2017_02_04_03_00_01_577.jpg,0.01234574,0.2834665,0,23.49208
IMG/center_2017_02_04_03_00_01_679.jpg, IMG/left_2017_02_04_03_00_01_679.jpg, IMG/right_2017_02_04_03_00_01_679.jpg,0.02202863,0.2641007,0,23.60407
IMG/center_2017_02_04_03_00_01_781.jpg, IMG/left_2017_02_04_03_00_01_781.jpg, IMG/right_2017_02_04_03_00_01_781.jpg,0.02202863,0.1963205,0,23.65262
IMG/center_2017_02_04_03_00_01_884.jpg, IMG/left_2017_02_04_03_00_01_884.jpg, IMG/right_2017_02_04_03_00_01_884.jpg,0.01234574,0.1672718,0,23.654
IMG/center_2017_02_04_03_00_01_986.jpg, IMG/left_2017_02_04_03_00_01_986.jpg, IMG/right_2017_02_04_03_00_01_986.jpg,0.03171151,0.04139432,0,23.52032
IMG/center_2017_02_04_03_00_02_092.jpg, IMG/left_2017_02_04_03_00_02_092.jpg, IMG/right_2017_02_04_03_00_02_092.jpg,0.03171151,0.02202855,0,23.28777
IMG/center_2017_02_04_03_00_02_200.jpg, IMG/left_2017_02_04_03_00_02_200.jpg, IMG/right_2017_02_04_03_00_02_200.jpg,0.03171151,0.002662782,0,23.0785
IMG/center_2017_02_04_03_00_02_304.jpg, IMG/left_2017_02_04_03_00_02_304.jpg, IMG/right_2017_02_04_03_00_02_304.jpg,0.03171151,0,0,22.84772
IMG/center_2017_02_04_03_00_02_406.jpg, IMG/left_2017_02_04_03_00_02_406.jpg, IMG/right_2017_02_04_03_00_02_406.jpg,0.01234574,0,0,22.61808
IMG/center_2017_02_04_03_00_02_515.jpg, IMG/left_2017_02_04_03_00_02_515.jpg, IMG/right_2017_02_04_03_00_02_515.jpg,0.02202863,0,0,22.34592
IMG/center_2017_02_04_03_00_02_618.jpg, IMG/left_2017_02_04_03_00_02_618.jpg, IMG/right_2017_02_04_03_00_02_618.jpg,0.03171151,0,0,22.12157
IMG/center_2017_02_04_03_00_02_730.jpg, IMG/left_2017_02_04_03_00_02_730.jpg, IMG/right_2017_02_04_03_00_02_730.jpg,0.06076016,0,0,21.89834
IMG/center_2017_02_04_03_00_02_831.jpg, IMG/left_2017_02_04_03_00_02_831.jpg, IMG/right_2017_02_04_03_00_02_831.jpg,0.09949171,0,0,21.67351
IMG/center_2017_02_04_03_00_02_943.jpg, IMG/left_2017_02_04_03_00_02_943.jpg, IMG/right_2017_02_04_03_00_02_943.jpg,0.1091746,0,0,21.40911
IMG/center_2017_02_04_03_00_03_050.jpg, IMG/left_2017_02_04_03_00_03_050.jpg, IMG/right_2017_02_04_03_00_03_050.jpg,0.1091746,0,0,21.1922
IMG/center_2017_02_04_03_00_03_164.jpg, IMG/left_2017_02_04_03_00_03_164.jpg, IMG/right_2017_02_04_03_00_03_164.jpg,0.09949171,0,0,20.93688
IMG/center_2017_02_04_03_00_45_799.jpg, IMG/left_2017_02_04_03_00_45_799.jpg, IMG/right_2017_02_04_03_00_45_799.jpg,0,0,0,7.75E-05
IMG/center_2017_02_04_03_00_45_901.jpg, IMG/left_2017_02_04_03_00_45_901.jpg, IMG/right_2017_02_04_03_00_45_901.jpg,0,0,0,7.74E-05
IMG/center_2017_02_04_03_00_46_008.jpg, IMG/left_2017_02_04_03_00_46_008.jpg, IMG/right_2017_02_04_03_00_46_008.jpg,0,0,0,7.72E-05
IMG/center_2017_02_04_03_00_46_113.jpg, IMG/left_2017_02_04_03_00_46_113.jpg, IMG/right_2017_02_04_03_00_46_113.jpg,0,0,0,7.79E-05
IMG/center_2017_02_04_03_00_46_213.jpg, IMG/left_2017_02_04_03_00_46_213.jpg, IMG/right_2017_02_04_03_00_46_213.jpg,0,0,0,7.71E-05
IMG/center_2017_02_04_03_00_46_313.jpg, IMG/left_2017_02_04_03_00_46_313.jpg, IMG/right_2017_02_04_03_00_46_313.jpg,0,0,0,7.70E-05
IMG/center_2017_02_04_03_00_46_419.jpg, IMG/left_2017_02_04_03_00_46_419.jpg, IMG/right_2017_02_04_03_00_46_419.jpg,0,0,0,7.71E-05
IMG/center_2017_02_04_03_00_46_523.jpg, IMG/left_2017_02_04_03_00_46_523.jpg, IMG/right_2017_02_04_03_00_46_523.jpg,0,0.6320504,0,0.3539486
IMG/center_2017_02_04_03_00_46_628.jpg, IMG/left_2017_02_04_03_00_46_628.jpg, IMG/right_2017_02_04_03_00_46_628.jpg,0.002662856,0.7676108,0,1.176528
IMG/center_2017_02_04_03_00_46_732.jpg, IMG/left_2017_02_04_03_00_46_732.jpg, IMG/right_2017_02_04_03_00_46_732.jpg,0.01234574,0.7676108,0,2.247545
IMG/center_2017_02_04_03_00_46_833.jpg, IMG/left_2017_02_04_03_00_46_833.jpg, IMG/right_2017_02_04_03_00_46_833.jpg,0.02202863,0.7676108,0,3.141356
IMG/center_2017_02_04_03_00_46_941.jpg, IMG/left_2017_02_04_03_00_46_941.jpg, IMG/right_2017_02_04_03_00_46_941.jpg,0.01234574,0.7676108,0,4.039612
IMG/center_2017_02_04_03_00_47_043.jpg, IMG/left_2017_02_04_03_00_47_043.jpg, IMG/right_2017_02_04_03_00_47_043.jpg,0.01234574,0.7579279,0,4.913913
IMG/center_2017_02_04_03_00_47_150.jpg, IMG/left_2017_02_04_03_00_47_150.jpg, IMG/right_2017_02_04_03_00_47_150.jpg,0.01234574,0.748245,0,5.76917
IMG/center_2017_02_04_03_00_47_251.jpg, IMG/left_2017_02_04_03_00_47_251.jpg, IMG/right_2017_02_04_03_00_47_251.jpg,0.01234574,0.7095134,0,6.594569
IMG/center_2017_02_04_03_00_47_357.jpg, IMG/left_2017_02_04_03_00_47_357.jpg, IMG/right_2017_02_04_03_00_47_357.jpg,0.01234574,0.6030017,0,7.47327
IMG/center_2017_02_04_03_00_47_477.jpg, IMG/left_2017_02_04_03_00_47_477.jpg, IMG/right_2017_02_04_03_00_47_477.jpg,0.01234574,0.5836359,0,8.240869
IMG/center_2017_02_04_03_00_47_580.jpg, IMG/left_2017_02_04_03_00_47_580.jpg, IMG/right_2017_02_04_03_00_47_580.jpg,0.01234574,0.5933188,0,8.866361
IMG/center_2017_02_04_03_00_47_687.jpg, IMG/left_2017_02_04_03_00_47_687.jpg, IMG/right_2017_02_04_03_00_47_687.jpg,0.01234574,0.5836359,0,9.48469
IMG/center_2017_02_04_03_00_47_808.jpg, IMG/left_2017_02_04_03_00_47_808.jpg, IMG/right_2017_02_04_03_00_47_808.jpg,0.01234574,0.5836359,0,10.22942
IMG/center_2017_02_04_03_00_47_918.jpg, IMG/left_2017_02_04_03_00_47_918.jpg, IMG/right_2017_02_04_03_00_47_918.jpg,0.01234574,0.5739531,0,10.95198
IMG/center_2017_02_04_03_00_48_021.jpg, IMG/left_2017_02_04_03_00_48_021.jpg, IMG/right_2017_02_04_03_00_48_021.jpg,0.01234574,0.5449044,0,11.40458
IMG/center_2017_02_04_03_00_48_136.jpg, IMG/left_2017_02_04_03_00_48_136.jpg, IMG/right_2017_02_04_03_00_48_136.jpg,0.01234574,0.5449044,0,11.97831
IMG/center_2017_02_04_03_00_48_240.jpg, IMG/left_2017_02_04_03_00_48_240.jpg, IMG/right_2017_02_04_03_00_48_240.jpg,0.002662856,0.5449044,0,12.52027
IMG/center_2017_02_04_03_00_48_348.jpg, IMG/left_2017_02_04_03_00_48_348.jpg, IMG/right_2017_02_04_03_00_48_348.jpg,0.01234574,0.5449044,0,13.15159
IMG/center_2017_02_04_03_00_48_464.jpg, IMG/left_2017_02_04_03_00_48_464.jpg, IMG/right_2017_02_04_03_00_48_464.jpg,0,0.5352215,0,13.71022
IMG/center_2017_02_04_03_00_48_573.jpg, IMG/left_2017_02_04_03_00_48_573.jpg, IMG/right_2017_02_04_03_00_48_573.jpg,0,0.5352215,0,14.34418
IMG/center_2017_02_04_03_00_48_676.jpg, IMG/left_2017_02_04_03_00_48_676.jpg, IMG/right_2017_02_04_03_00_48_676.jpg,0,0.5352215,0,15.0758
IMG/center_2017_02_04_03_00_48_776.jpg, IMG/left_2017_02_04_03_00_48_776.jpg, IMG/right_2017_02_04_03_00_48_776.jpg,0,0.5255386,0,15.39176
IMG/center_2017_02_04_03_00_48_877.jpg, IMG/left_2017_02_04_03_00_48_877.jpg, IMG/right_2017_02_04_03_00_48_877.jpg,0,0.5352215,0,15.92837
IMG/center_2017_02_04_03_00_48_982.jpg, IMG/left_2017_02_04_03_00_48_982.jpg, IMG/right_2017_02_04_03_00_48_982.jpg,0,0.5352215,0,16.33975
IMG/center_2017_02_04_03_00_49_083.jpg, IMG/left_2017_02_04_03_00_49_083.jpg, IMG/right_2017_02_04_03_00_49_083.jpg,0,0.5352215,0,16.9512
IMG/center_2017_02_04_03_00_49_185.jpg, IMG/left_2017_02_04_03_00_49_185.jpg, IMG/right_2017_02_04_03_00_49_185.jpg,0,0.5255386,0,17.30195
IMG/center_2017_02_04_03_00_49_288.jpg, IMG/left_2017_02_04_03_00_49_288.jpg, IMG/right_2017_02_04_03_00_49_288.jpg,0,0.5352215,0,17.84482
IMG/center_2017_02_04_03_00_49_393.jpg, IMG/left_2017_02_04_03_00_49_393.jpg, IMG/right_2017_02_04_03_00_49_393.jpg,0,0.5352215,0,18.40438
IMG/center_2017_02_04_03_00_49_494.jpg, IMG/left_2017_02_04_03_00_49_494.jpg, IMG/right_2017_02_04_03_00_49_494.jpg,0,0.5352215,0,18.84806
IMG/center_2017_02_04_03_00_49_598.jpg, IMG/left_2017_02_04_03_00_49_598.jpg, IMG/right_2017_02_04_03_00_49_598.jpg,0,0.5255386,0,19.31099
IMG/center_2017_02_04_03_00_49_700.jpg, IMG/left_2017_02_04_03_00_49_700.jpg, IMG/right_2017_02_04_03_00_49_700.jpg,0,0.5352215,0,19.76149
IMG/center_2017_02_04_03_00_49_803.jpg, IMG/left_2017_02_04_03_00_49_803.jpg, IMG/right_2017_02_04_03_00_49_803.jpg,0,0.5352215,0,20.21417
IMG/center_2017_02_04_03_00_49_905.jpg, IMG/left_2017_02_04_03_00_49_905.jpg, IMG/right_2017_02_04_03_00_49_905.jpg,0,0.5255386,0,20.65948
IMG/center_2017_02_04_03_00_50_013.jpg, IMG/left_2017_02_04_03_00_50_013.jpg, IMG/right_2017_02_04_03_00_50_013.jpg,0,0.5255386,0,21.17752
IMG/center_2017_02_04_03_00_50_118.jpg, IMG/left_2017_02_04_03_00_50_118.jpg, IMG/right_2017_02_04_03_00_50_118.jpg,0,0.5255386,0,21.60353
IMG/center_2017_02_04_03_00_50_218.jpg, IMG/left_2017_02_04_03_00_50_218.jpg, IMG/right_2017_02_04_03_00_50_218.jpg,0,0.5158557,0,22.01646
IMG/center_2017_02_04_03_00_50_321.jpg, IMG/left_2017_02_04_03_00_50_321.jpg, IMG/right_2017_02_04_03_00_50_321.jpg,0,0.5061729,0,22.41667
IMG/center_2017_02_04_03_00_50_424.jpg, IMG/left_2017_02_04_03_00_50_424.jpg, IMG/right_2017_02_04_03_00_50_424.jpg,0,0.49649,0,22.79458
IMG/center_2017_02_04_03_00_50_532.jpg, IMG/left_2017_02_04_03_00_50_532.jpg, IMG/right_2017_02_04_03_00_50_532.jpg,0.1285404,0.3415638,0,23.12831
IMG/center_2017_02_04_03_00_50_645.jpg, IMG/left_2017_02_04_03_00_50_645.jpg, IMG/right_2017_02_04_03_00_50_645.jpg,0.1382232,0.3318809,0,23.29268
IMG/center_2017_02_04_03_00_50_746.jpg, IMG/left_2017_02_04_03_00_50_746.jpg, IMG/right_2017_02_04_03_00_50_746.jpg,0.1382232,0.3318809,0,23.44564
IMG/center_2017_02_04_03_00_50_846.jpg, IMG/left_2017_02_04_03_00_50_846.jpg, IMG/right_2017_02_04_03_00_50_846.jpg,0.1382232,0.322198,0,23.60258
IMG/center_2017_02_04_03_00_50_952.jpg, IMG/left_2017_02_04_03_00_50_952.jpg, IMG/right_2017_02_04_03_00_50_952.jpg,0,0.2931493,0,23.74436
IMG/center_2017_02_04_03_00_51_055.jpg, IMG/left_2017_02_04_03_00_51_055.jpg, IMG/right_2017_02_04_03_00_51_055.jpg,0,0.2931493,0,23.8624
IMG/center_2017_02_04_03_00_51_161.jpg, IMG/left_2017_02_04_03_00_51_161.jpg, IMG/right_2017_02_04_03_00_51_161.jpg,0,0.2931493,0,23.9758
IMG/center_2017_02_04_03_00_51_264.jpg, IMG/left_2017_02_04_03_00_51_264.jpg, IMG/right_2017_02_04_03_00_51_264.jpg,0.03171151,0.2931493,0,24.08933
IMG/center_2017_02_04_03_00_51_366.jpg, IMG/left_2017_02_04_03_00_51_366.jpg, IMG/right_2017_02_04_03_00_51_366.jpg,0.1285404,0.2641007,0,24.18124
IMG/center_2017_02_04_03_00_51_474.jpg, IMG/left_2017_02_04_03_00_51_474.jpg, IMG/right_2017_02_04_03_00_51_474.jpg,0.1672719,0.235052,0,24.23397
IMG/center_2017_02_04_03_00_51_584.jpg, IMG/left_2017_02_04_03_00_51_584.jpg, IMG/right_2017_02_04_03_00_51_584.jpg,0.2350521,0.1866376,0,24.22605
IMG/center_2017_02_04_03_00_51_685.jpg, IMG/left_2017_02_04_03_00_51_685.jpg, IMG/right_2017_02_04_03_00_51_685.jpg,0.1866377,0.1963205,0,24.20327
IMG/center_2017_02_04_03_00_51_786.jpg, IMG/left_2017_02_04_03_00_51_786.jpg, IMG/right_2017_02_04_03_00_51_786.jpg,0.1769548,0.1963205,0,24.19778
IMG/center_2017_02_04_03_00_51_890.jpg, IMG/left_2017_02_04_03_00_51_890.jpg, IMG/right_2017_02_04_03_00_51_890.jpg,0.1866377,0.1866376,0,24.18052
IMG/center_2017_02_04_03_00_51_996.jpg, IMG/left_2017_02_04_03_00_51_996.jpg, IMG/right_2017_02_04_03_00_51_996.jpg,0.1672719,0.1866376,0,24.15993
IMG/center_2017_02_04_03_00_52_098.jpg, IMG/left_2017_02_04_03_00_52_098.jpg, IMG/right_2017_02_04_03_00_52_098.jpg,0.1285404,0.1963205,0,24.14911
IMG/center_2017_02_04_03_00_52_198.jpg, IMG/left_2017_02_04_03_00_52_198.jpg, IMG/right_2017_02_04_03_00_52_198.jpg,0.1285404,0.1963205,0,24.14577
IMG/center_2017_02_04_03_00_52_299.jpg, IMG/left_2017_02_04_03_00_52_299.jpg, IMG/right_2017_02_04_03_00_52_299.jpg,0.1188575,0.1963205,0,24.1405
IMG/center_2017_02_04_03_00_52_400.jpg, IMG/left_2017_02_04_03_00_52_400.jpg, IMG/right_2017_02_04_03_00_52_400.jpg,0.1091746,0.1963205,0,24.13598
IMG/center_2017_02_04_03_00_52_502.jpg, IMG/left_2017_02_04_03_00_52_502.jpg, IMG/right_2017_02_04_03_00_52_502.jpg,0.1188575,0.1963205,0,24.13273
IMG/center_2017_02_04_03_00_52_603.jpg, IMG/left_2017_02_04_03_00_52_603.jpg, IMG/right_2017_02_04_03_00_52_603.jpg,0.1091746,0.1963205,0,24.1267
IMG/center_2017_02_04_03_00_52_705.jpg, IMG/left_2017_02_04_03_00_52_705.jpg, IMG/right_2017_02_04_03_00_52_705.jpg,0.1479061,0.2060034,0,24.11984
IMG/center_2017_02_04_03_00_52_813.jpg, IMG/left_2017_02_04_03_00_52_813.jpg, IMG/right_2017_02_04_03_00_52_813.jpg,0.2737836,0.1285403,0,23.98078
IMG/center_2017_02_04_03_00_52_915.jpg, IMG/left_2017_02_04_03_00_52_915.jpg, IMG/right_2017_02_04_03_00_52_915.jpg,0.2641008,0.1188574,0,23.86958
IMG/center_2017_02_04_03_00_53_020.jpg, IMG/left_2017_02_04_03_00_53_020.jpg, IMG/right_2017_02_04_03_00_53_020.jpg,0.2253692,0.1188574,0,23.77051
IMG/center_2017_02_04_03_00_53_125.jpg, IMG/left_2017_02_04_03_00_53_125.jpg, IMG/right_2017_02_04_03_00_53_125.jpg,0.2060034,0.1285403,0,23.68275
IMG/center_2017_02_04_03_00_53_233.jpg, IMG/left_2017_02_04_03_00_53_233.jpg, IMG/right_2017_02_04_03_00_53_233.jpg,0.1963205,0.1188574,0,23.58117
IMG/center_2017_02_04_03_00_53_340.jpg, IMG/left_2017_02_04_03_00_53_340.jpg, IMG/right_2017_02_04_03_00_53_340.jpg,0.1866377,0.1188574,0,23.49243
IMG/center_2017_02_04_03_00_53_453.jpg, IMG/left_2017_02_04_03_00_53_453.jpg, IMG/right_2017_02_04_03_00_53_453.jpg,0.157589,0.1285403,0,23.39805
IMG/center_2017_02_04_03_00_53_566.jpg, IMG/left_2017_02_04_03_00_53_566.jpg, IMG/right_2017_02_04_03_00_53_566.jpg,0.1479061,0.1285403,0,23.32238
IMG/center_2017_02_04_03_00_53_666.jpg, IMG/left_2017_02_04_03_00_53_666.jpg, IMG/right_2017_02_04_03_00_53_666.jpg,0.3125152,0.08012586,0,23.22586
IMG/center_2017_02_04_03_00_53_771.jpg, IMG/left_2017_02_04_03_00_53_771.jpg, IMG/right_2017_02_04_03_00_53_771.jpg,0.3609296,0.06076009,0,23.00351
IMG/center_2017_02_04_03_00_53_883.jpg, IMG/left_2017_02_04_03_00_53_883.jpg, IMG/right_2017_02_04_03_00_53_883.jpg,0.3609296,0.06076009,0,22.78612
IMG/center_2017_02_04_03_00_53_987.jpg, IMG/left_2017_02_04_03_00_53_987.jpg, IMG/right_2017_02_04_03_00_53_987.jpg,0.331881,0.06076009,0,22.62242
IMG/center_2017_02_04_03_00_54_089.jpg, IMG/left_2017_02_04_03_00_54_089.jpg, IMG/right_2017_02_04_03_00_54_089.jpg,0.3221981,0.06076009,0,22.47057
IMG/center_2017_02_04_03_00_54_194.jpg, IMG/left_2017_02_04_03_00_54_194.jpg, IMG/right_2017_02_04_03_00_54_194.jpg,0.3221981,0.06076009,0,22.28642
IMG/center_2017_02_04_03_00_54_300.jpg, IMG/left_2017_02_04_03_00_54_300.jpg, IMG/right_2017_02_04_03_00_54_300.jpg,0.3221981,0.06076009,0,22.13219
IMG/center_2017_02_04_03_00_54_401.jpg, IMG/left_2017_02_04_03_00_54_401.jpg, IMG/right_2017_02_04_03_00_54_401.jpg,0.3028323,0.06076009,0,21.98431
IMG/center_2017_02_04_03_00_54_502.jpg, IMG/left_2017_02_04_03_00_54_502.jpg, IMG/right_2017_02_04_03_00_54_502.jpg,0.2931494,0.07044297,0,21.84963
IMG/center_2017_02_04_03_00_54_602.jpg, IMG/left_2017_02_04_03_00_54_602.jpg, IMG/right_2017_02_04_03_00_54_602.jpg,0.2834665,0.08012586,0,21.71632
IMG/center_2017_02_04_03_00_54_704.jpg, IMG/left_2017_02_04_03_00_54_704.jpg, IMG/right_2017_02_04_03_00_54_704.jpg,0.2834665,0.08012586,0,21.59604
IMG/center_2017_02_04_03_00_54_805.jpg, IMG/left_2017_02_04_03_00_54_805.jpg, IMG/right_2017_02_04_03_00_54_805.jpg,0.2834665,0.08012586,0,21.47453
IMG/center_2017_02_04_03_00_54_905.jpg, IMG/left_2017_02_04_03_00_54_905.jpg, IMG/right_2017_02_04_03_00_54_905.jpg,0.2834665,0.08012586,0,21.34774
IMG/center_2017_02_04_03_00_55_016.jpg, IMG/left_2017_02_04_03_00_55_016.jpg, IMG/right_2017_02_04_03_00_55_016.jpg,0.1866377,0.1285403,0,21.22948
IMG/center_2017_02_04_03_00_55_118.jpg, IMG/left_2017_02_04_03_00_55_118.jpg, IMG/right_2017_02_04_03_00_55_118.jpg,0.1866377,0.1285403,0,21.1862
IMG/center_2017_02_04_03_00_55_229.jpg, IMG/left_2017_02_04_03_00_55_229.jpg, IMG/right_2017_02_04_03_00_55_229.jpg,0.1769548,0.1285403,0,21.12329
IMG/center_2017_02_04_03_00_55_337.jpg, IMG/left_2017_02_04_03_00_55_337.jpg, IMG/right_2017_02_04_03_00_55_337.jpg,0.1188575,0.1672718,0,21.10454
IMG/center_2017_02_04_03_00_55_439.jpg, IMG/left_2017_02_04_03_00_55_439.jpg, IMG/right_2017_02_04_03_00_55_439.jpg,0.1091746,0.1769547,0,21.11639
IMG/center_2017_02_04_03_00_55_552.jpg, IMG/left_2017_02_04_03_00_55_552.jpg, IMG/right_2017_02_04_03_00_55_552.jpg,0.1091746,0.1769547,0,21.10337
IMG/center_2017_02_04_03_00_55_654.jpg, IMG/left_2017_02_04_03_00_55_654.jpg, IMG/right_2017_02_04_03_00_55_654.jpg,0.1188575,0.1769547,0,21.10064
IMG/center_2017_02_04_03_00_55_760.jpg, IMG/left_2017_02_04_03_00_55_760.jpg, IMG/right_2017_02_04_03_00_55_760.jpg,0.1091746,0.1769547,0,21.14158
IMG/center_2017_02_04_03_00_55_867.jpg, IMG/left_2017_02_04_03_00_55_867.jpg, IMG/right_2017_02_04_03_00_55_867.jpg,0.06076016,0.1866376,0,21.0615
IMG/center_2017_02_04_03_00_55_967.jpg, IMG/left_2017_02_04_03_00_55_967.jpg, IMG/right_2017_02_04_03_00_55_967.jpg,0.03171151,0.2060034,0,21.21322
IMG/center_2017_02_04_03_00_56_073.jpg, IMG/left_2017_02_04_03_00_56_073.jpg, IMG/right_2017_02_04_03_00_56_073.jpg,0,0.2544178,0,21.32266
IMG/center_2017_02_04_03_00_56_181.jpg, IMG/left_2017_02_04_03_00_56_181.jpg, IMG/right_2017_02_04_03_00_56_181.jpg,0,0.2641007,0,21.26741
IMG/center_2017_02_04_03_00_56_300.jpg, IMG/left_2017_02_04_03_00_56_300.jpg, IMG/right_2017_02_04_03_00_56_300.jpg,0,0.2156862,0,21.35012
IMG/center_2017_02_04_03_00_56_400.jpg, IMG/left_2017_02_04_03_00_56_400.jpg, IMG/right_2017_02_04_03_00_56_400.jpg,0,0.2156862,0,21.6015
IMG/center_2017_02_04_03_00_56_504.jpg, IMG/left_2017_02_04_03_00_56_504.jpg, IMG/right_2017_02_04_03_00_56_504.jpg,0,0.2156862,0,21.41199
IMG/center_2017_02_04_03_00_56_615.jpg, IMG/left_2017_02_04_03_00_56_615.jpg, IMG/right_2017_02_04_03_00_56_615.jpg,0,0.3028322,0,21.55979
IMG/center_2017_02_04_03_00_56_723.jpg, IMG/left_2017_02_04_03_00_56_723.jpg, IMG/right_2017_02_04_03_00_56_723.jpg,0,0.3028322,0,21.9222
IMG/center_2017_02_04_03_00_56_830.jpg, IMG/left_2017_02_04_03_00_56_830.jpg, IMG/right_2017_02_04_03_00_56_830.jpg,0,0.2156862,0,21.84509
IMG/center_2017_02_04_03_00_56_935.jpg, IMG/left_2017_02_04_03_00_56_935.jpg, IMG/right_2017_02_04_03_00_56_935.jpg,0,0.08012586,0,21.74456
IMG/center_2017_02_04_03_00_57_038.jpg, IMG/left_2017_02_04_03_00_57_038.jpg, IMG/right_2017_02_04_03_00_57_038.jpg,0,0.04139432,0,21.84647
IMG/center_2017_02_04_03_00_57_176.jpg, IMG/left_2017_02_04_03_00_57_176.jpg, IMG/right_2017_02_04_03_00_57_176.jpg,0,0,0,21.28788
IMG/center_2017_02_04_03_00_57_280.jpg, IMG/left_2017_02_04_03_00_57_280.jpg, IMG/right_2017_02_04_03_00_57_280.jpg,0,0,0,21.3609
IMG/center_2017_02_04_03_00_57_381.jpg, IMG/left_2017_02_04_03_00_57_381.jpg, IMG/right_2017_02_04_03_00_57_381.jpg,0,0,0,20.84918
IMG/center_2017_02_04_03_00_57_483.jpg, IMG/left_2017_02_04_03_00_57_483.jpg, IMG/right_2017_02_04_03_00_57_483.jpg,0,0,0,20.94173
IMG/center_2017_02_04_03_00_57_597.jpg, IMG/left_2017_02_04_03_00_57_597.jpg, IMG/right_2017_02_04_03_00_57_597.jpg,0.03171151,0,0,20.69343
IMG/center_2017_02_04_03_00_57_699.jpg, IMG/left_2017_02_04_03_00_57_699.jpg, IMG/right_2017_02_04_03_00_57_699.jpg,0.03171151,0,0,20.16367
IMG/center_2017_02_04_03_00_57_801.jpg, IMG/left_2017_02_04_03_00_57_801.jpg, IMG/right_2017_02_04_03_00_57_801.jpg,0.03171151,0,0,20.28939